iso3,Territorio,cod_local,anio,valor
ATG,Antigua y Barbuda,NA,1999,2.52540993690491
ATG,Antigua y Barbuda,NA,2002,3.07877993583679
ATG,Antigua y Barbuda,NA,2009,2.22264003753662
ATG,Antigua y Barbuda,NA,2012,2.13043025907083
ATG,Antigua y Barbuda,NA,2013,2.35972143126598
ATG,Antigua y Barbuda,NA,2014,2.3044409375638
ATG,Antigua y Barbuda,NA,2015,1.9934755302761
ATG,Antigua y Barbuda,NA,2016,2.17149931504636
ATG,Antigua y Barbuda,NA,2017,2.28158315038897
ATG,Antigua y Barbuda,NA,2018,2.26922708436893
ATG,Antigua y Barbuda,NA,2019,3.35725653382563
ATG,Antigua y Barbuda,NA,2020,3.0051830460864
ATG,Antigua y Barbuda,NA,2021,2.50897393198865
ATG,Antigua y Barbuda,NA,2022,2.50368755552383
ATG,Antigua y Barbuda,NA,2023,3.10505161832136
ARG,Argentina,NA,1970,1.4580899477005
ARG,Argentina,NA,1972,1.93620002269745
ARG,Argentina,NA,1973,1.78051996231079
ARG,Argentina,NA,1974,1.92351996898651
ARG,Argentina,NA,1975,1.84360003471374
ARG,Argentina,NA,1976,1.16563999652863
ARG,Argentina,NA,1977,1.71984004974365
ARG,Argentina,NA,1978,1.93554997444153
ARG,Argentina,NA,1979,2.4002799987793
ARG,Argentina,NA,1980,2.6071500778198202
ARG,Argentina,NA,1982,1.59786999225616
ARG,Argentina,NA,1983,1.61749994754791
ARG,Argentina,NA,1984,2.56972002983093
ARG,Argentina,NA,1985,1.36186003684998
ARG,Argentina,NA,1986,1.261549949646
ARG,Argentina,NA,1987,1.28229999542236
ARG,Argentina,NA,1989,1.04612004756927
ARG,Argentina,NA,1990,1.06737995147705
ARG,Argentina,NA,1996,3.73198008537292
ARG,Argentina,NA,1998,4.03986978530884
ARG,Argentina,NA,1999,4.52167987823486
ARG,Argentina,NA,2000,4.58030986785889
ARG,Argentina,NA,2001,4.833740234375
ARG,Argentina,NA,2002,4.01734018325806
ARG,Argentina,NA,2003,3.53504991531372
ARG,Argentina,NA,2004,3.48652005195618
ARG,Argentina,NA,2005,3.86000990867615
ARG,Argentina,NA,2006,4.12821006774902
ARG,Argentina,NA,2007,4.46260976791382
ARG,Argentina,NA,2008,4.84438991546631
ARG,Argentina,NA,2009,5.53105020523071
ARG,Argentina,NA,2010,5.01972007751465
ARG,Argentina,NA,2011,5.29063987731934
ARG,Argentina,NA,2012,5.3458399772644
ARG,Argentina,NA,2013,5.43660020828247
ARG,Argentina,NA,2014,5.36144018173218
ARG,Argentina,NA,2015,5.77611017227173
ARG,Argentina,NA,2016,5.54548978805542
ARG,Argentina,NA,2017,5.45432996749878
ARG,Argentina,NA,2018,4.87773990631104
ARG,Argentina,NA,2019,4.77165985107422
ARG,Argentina,NA,2020,5.27689981460571
ARG,Argentina,NA,2021,4.65393018722534
ARG,Argentina,NA,2022,4.79263019561768
ARG,Argentina,NA,2023,5.00324010848999
ABW,Aruba,NA,1998,4.76316022872925
ABW,Aruba,NA,1999,4.39526987075806
ABW,Aruba,NA,2000,4.71468019485474
ABW,Aruba,NA,2001,4.79898023605347
ABW,Aruba,NA,2002,4.87220001220703
ABW,Aruba,NA,2004,4.35698986053467
ABW,Aruba,NA,2005,4.62321996688843
ABW,Aruba,NA,2007,4.70254993438721
ABW,Aruba,NA,2008,4.82730007171631
ABW,Aruba,NA,2009,5.79739999771118
ABW,Aruba,NA,2010,6.75109004974365
ABW,Aruba,NA,2011,5.91466999053955
ABW,Aruba,NA,2012,6.3472900390625
ABW,Aruba,NA,2013,6.44295978546143
ABW,Aruba,NA,2014,5.85128021240234
ABW,Aruba,NA,2015,5.88826990127563
ABW,Aruba,NA,2016,5.49136018753052
ABW,Aruba,NA,2017,4.45581996127504
ABW,Aruba,NA,2018,4.54876355243615
ABW,Aruba,NA,2019,4.43503686776957
ABW,Aruba,NA,2021,3.61855755636695
BHS,Bahamas,NA,2000,2.23284006118774
BHS,Bahamas,NA,2010,2.45165990475209
BHS,Bahamas,NA,2011,2.35576638581195
BHS,Bahamas,NA,2012,2.30391197238935
BHS,Bahamas,NA,2013,2.4242884241713
BHS,Bahamas,NA,2014,2.24714705533939
BHS,Bahamas,NA,2015,2.2723175918231
BHS,Bahamas,NA,2016,2.58786212973921
BHS,Bahamas,NA,2017,2.69510162053495
BHS,Bahamas,NA,2018,2.49264112462151
BHS,Bahamas,NA,2019,2.62573176503127
BHS,Bahamas,NA,2020,3.7125229961238
BHS,Bahamas,NA,2021,3.04890655208507
BHS,Bahamas,NA,2022,2.62367021406169
BHS,Bahamas,NA,2023,2.74191570247934
BRB,Barbados,NA,1971,6.15065002441406
BRB,Barbados,NA,1972,6.79071998596191
BRB,Barbados,NA,1973,6.72242021560669
BRB,Barbados,NA,1974,7.52374982833862
BRB,Barbados,NA,1976,5.94479990005493
BRB,Barbados,NA,1977,6.51715993881226
BRB,Barbados,NA,1991,6.63870000839233
BRB,Barbados,NA,1999,4.34123992919922
BRB,Barbados,NA,2000,4.71585988998413
BRB,Barbados,NA,2001,6.05536985397339
BRB,Barbados,NA,2002,5.88062000274658
BRB,Barbados,NA,2003,6.24569988250732
BRB,Barbados,NA,2004,6.02428007125854
BRB,Barbados,NA,2005,5.66965007781982
BRB,Barbados,NA,2007,5.22061014175415
BRB,Barbados,NA,2008,4.92074012756348
BRB,Barbados,NA,2009,5.11040019989014
BRB,Barbados,NA,2010,6.05261993408203
BRB,Barbados,NA,2012,4.58823013305664
BRB,Barbados,NA,2013,4.50306987762451
BRB,Barbados,NA,2014,5.35950994491577
BRB,Barbados,NA,2015,5.15997517232471
BRB,Barbados,NA,2016,4.19719982147217
BRB,Barbados,NA,2017,3.956209897995
BRB,Barbados,NA,2018,5.40447825597088
BRB,Barbados,NA,2019,3.72228002548218
BRB,Barbados,NA,2020,3.86529994010925
BRB,Barbados,NA,2021,4.49793004989624
BRB,Barbados,NA,2022,4.14000988006592
BRB,Barbados,NA,2023,3.7754499912262
BRB,Barbados,NA,2024,3.55593188106322
BLZ,Belice,NA,1999,4.0349497795105
BLZ,Belice,NA,2000,3.68356990814209
BLZ,Belice,NA,2001,4.23519992828369
BLZ,Belice,NA,2003,3.90120005607605
BLZ,Belice,NA,2004,4.0096697807312
BLZ,Belice,NA,2008,4.29996013641357
BLZ,Belice,NA,2009,4.8011999130249
BLZ,Belice,NA,2010,5.24251985549927
BLZ,Belice,NA,2011,5.51786910233588
BLZ,Belice,NA,2012,5.47351989539787
BLZ,Belice,NA,2013,5.12474012374878
BLZ,Belice,NA,2014,5.1395001411438
BLZ,Belice,NA,2015,5.35711002349854
BLZ,Belice,NA,2016,5.72603988647461
BLZ,Belice,NA,2017,5.95071983337402
BLZ,Belice,NA,2018,6.12779998779297
BLZ,Belice,NA,2019,5.96377992630005
BLZ,Belice,NA,2020,5.21301984786987
BLZ,Belice,NA,2021,5.96298980712891
BLZ,Belice,NA,2022,4.60415983200073
BLZ,Belice,NA,2023,4.23143005371094
BLZ,Belice,NA,2024,4.62276317232973
BMU,Bermudas,NA,1973,4.10790014266968
BMU,Bermudas,NA,1975,3.43442010879517
BMU,Bermudas,NA,1985,3.03449010848999
BMU,Bermudas,NA,1990,3.13619995117188
BMU,Bermudas,NA,1991,3.15065002441406
BMU,Bermudas,NA,1992,3.47604990005493
BMU,Bermudas,NA,1998,2.15227007865906
BMU,Bermudas,NA,2003,1.6662700176239
BMU,Bermudas,NA,2004,1.77587997913361
BMU,Bermudas,NA,2005,1.98877000808716
BMU,Bermudas,NA,2009,2.28920006752014
BMU,Bermudas,NA,2010,2.30668997764587
BMU,Bermudas,NA,2011,2.19656988306324
BMU,Bermudas,NA,2012,2.38597137100485
BMU,Bermudas,NA,2013,2.2795032068669
BMU,Bermudas,NA,2014,1.5368800163269
BMU,Bermudas,NA,2015,1.50163996219635
BMU,Bermudas,NA,2016,2.03905874199287
BMU,Bermudas,NA,2017,1.32495999336243
BMU,Bermudas,NA,2018,1.93595466792564
BMU,Bermudas,NA,2019,1.92679827239971
BMU,Bermudas,NA,2020,1.74834797496856
BMU,Bermudas,NA,2021,1.94565325816336
BMU,Bermudas,NA,2022,1.77583338857166
BMU,Bermudas,NA,2023,1.86510440752276
BOL,Bolivia,NA,2006,6.43421983718872
BOL,Bolivia,NA,2007,6.7204999923706
BOL,Bolivia,NA,2008,6.72301006317139
BOL,Bolivia,NA,2009,7.57484006881714
BOL,Bolivia,NA,2010,6.97377014160156
BOL,Bolivia,NA,2011,6.45054006576538
BOL,Bolivia,NA,2012,6.62799978256226
BOL,Bolivia,NA,2013,6.80321979522705
BOL,Bolivia,NA,2014,7.47811985015869
BOL,Bolivia,NA,2015,8.1434497833252
BOL,Bolivia,NA,2016,8.15062046051025
BOL,Bolivia,NA,2017,8.09722995758057
BOL,Bolivia,NA,2018,8.01585960388184
BOL,Bolivia,NA,2019,8.09103012084961
BOL,Bolivia,NA,2020,8.43710994720459
BOL,Bolivia,NA,2021,7.96216011047363
BOL,Bolivia,NA,2022,7.57551002502441
BOL,Bolivia,NA,2023,7.89381980895996
BOL,Bolivia,NA,2024,7.53980016708374
BRA,Brasil,NA,1995,4.56816005706787
BRA,Brasil,NA,1998,4.75666999816895
BRA,Brasil,NA,1999,3.80062007904053
BRA,Brasil,NA,2000,3.94893002510071
BRA,Brasil,NA,2001,3.84467005729675
BRA,Brasil,NA,2002,3.75037002563477
BRA,Brasil,NA,2004,3.97448992729187
BRA,Brasil,NA,2005,4.47909021377563
BRA,Brasil,NA,2006,4.87060022354126
BRA,Brasil,NA,2007,4.97426986694336
BRA,Brasil,NA,2008,5.26884984970093
BRA,Brasil,NA,2009,5.46355009078979
BRA,Brasil,NA,2010,5.64879989624023
BRA,Brasil,NA,2011,5.73741006851196
BRA,Brasil,NA,2012,5.85510015487671
BRA,Brasil,NA,2013,5.8388500213623
BRA,Brasil,NA,2014,5.94848012924194
BRA,Brasil,NA,2015,6.24105978012085
BRA,Brasil,NA,2016,6.31403017044067
BRA,Brasil,NA,2017,6.32047986984253
BRA,Brasil,NA,2018,6.08851003646851
BRA,Brasil,NA,2019,5.96346998214722
BRA,Brasil,NA,2020,5.7714900970459
BRA,Brasil,NA,2021,5.4969801902771
BRA,Brasil,NA,2022,5.61920976638794
CAN,Canadá,NA,1971,7.6842999458313
CAN,Canadá,NA,1972,7.58980989456177
CAN,Canadá,NA,1973,7.01386022567749
CAN,Canadá,NA,1974,6.66714000701904
CAN,Canadá,NA,1975,6.42132997512817
CAN,Canadá,NA,1976,6.69841003417969
CAN,Canadá,NA,1977,6.71090984344482
CAN,Canadá,NA,1978,7.07383012771606
CAN,Canadá,NA,1979,6.69220018386841
CAN,Canadá,NA,1980,6.46289014816284
CAN,Canadá,NA,1981,6.40900993347168
CAN,Canadá,NA,1982,6.49725008010864
CAN,Canadá,NA,1983,6.85547018051147
CAN,Canadá,NA,1984,6.61841011047363
CAN,Canadá,NA,1985,6.18943023681641
CAN,Canadá,NA,1986,6.02058982849121
CAN,Canadá,NA,1987,6.29827976226807
CAN,Canadá,NA,1988,6.15022993087769
CAN,Canadá,NA,1989,6.07406997680664
CAN,Canadá,NA,1990,5.96922016143799
CAN,Canadá,NA,1991,6.85951995849609
CAN,Canadá,NA,1992,6.74663019180298
CAN,Canadá,NA,1993,7.67834997177124
CAN,Canadá,NA,1994,6.65829992294312
CAN,Canadá,NA,1995,6.30476999282837
CAN,Canadá,NA,1998,5.49377012252808
CAN,Canadá,NA,1999,5.53079986572266
CAN,Canadá,NA,2000,5.42330980300903
CAN,Canadá,NA,2001,4.95304012298584
CAN,Canadá,NA,2002,4.99306011199951
CAN,Canadá,NA,2005,4.76589012145996
CAN,Canadá,NA,2007,4.76642990112305
CAN,Canadá,NA,2008,4.62612009048462
CAN,Canadá,NA,2009,4.84057998657227
CAN,Canadá,NA,2010,5.35637998580933
CAN,Canadá,NA,2011,5.26204013824463
CAN,Canadá,NA,2013,4.58899021148682
CAN,Canadá,NA,2014,4.84358978271484
CAN,Canadá,NA,2015,4.73936986923218
CAN,Canadá,NA,2016,4.81642007827759
CAN,Canadá,NA,2017,4.95998001098633
CAN,Canadá,NA,2018,4.88898992538452
CAN,Canadá,NA,2019,4.77293014526367
CAN,Canadá,NA,2020,4.88794994354248
CAN,Canadá,NA,2021,4.74858999252319
CAN,Canadá,NA,2022,4.84426021575928
CHL,Chile,NA,1974,3.66648006439209
CHL,Chile,NA,1975,3.50703001022339
CHL,Chile,NA,1978,2.9989900588989298
CHL,Chile,NA,1979,3.41297006607056
CHL,Chile,NA,1980,4.14156007766724
CHL,Chile,NA,1981,4.82065010070801
CHL,Chile,NA,1987,2.7789900302887
CHL,Chile,NA,1990,2.23059010505676
CHL,Chile,NA,1993,2.35279989242554
CHL,Chile,NA,1994,2.49258995056152
CHL,Chile,NA,1995,2.55165004730225
CHL,Chile,NA,1996,2.77720999717712
CHL,Chile,NA,1997,2.98516988754273
CHL,Chile,NA,1998,3.32312989234924
CHL,Chile,NA,1999,3.7083899974823
CHL,Chile,NA,2000,3.75707006454468
CHL,Chile,NA,2002,4.04881000518799
CHL,Chile,NA,2003,3.91868996620178
CHL,Chile,NA,2004,3.54307007789612
CHL,Chile,NA,2005,3.28016996383667
CHL,Chile,NA,2006,3.04014992713928
CHL,Chile,NA,2007,3.2331600189209
CHL,Chile,NA,2008,3.79189991950989
CHL,Chile,NA,2009,4.25475978851318
CHL,Chile,NA,2010,4.18953990936279
CHL,Chile,NA,2011,4.06173992156982
CHL,Chile,NA,2013,4.54814004898071
CHL,Chile,NA,2014,4.75168991088867
CHL,Chile,NA,2015,4.90390014648438
CHL,Chile,NA,2016,5.36645984649658
CHL,Chile,NA,2017,5.43278980255127
CHL,Chile,NA,2018,5.473060131073
CHL,Chile,NA,2019,5.62629985809326
CHL,Chile,NA,2020,5.62992000579834
CHL,Chile,NA,2021,5.00225019454956
CHL,Chile,NA,2022,4.91201019287109
COL,Colombia,NA,1979,1.75434005260468
COL,Colombia,NA,1980,1.72912001609802
COL,Colombia,NA,1981,2.59723997116089
COL,Colombia,NA,1984,3.00429010391235
COL,Colombia,NA,1985,2.71527004241943
COL,Colombia,NA,1989,2.70525002479553
COL,Colombia,NA,1998,3.92645001411438
COL,Colombia,NA,1999,4.44080018997192
COL,Colombia,NA,2000,3.5112099647522
COL,Colombia,NA,2001,3.70867991447449
COL,Colombia,NA,2002,4.26812982559204
COL,Colombia,NA,2003,4.32513999938965
COL,Colombia,NA,2004,4.07934999465942
COL,Colombia,NA,2005,4.02098989486694
COL,Colombia,NA,2006,3.91671991348267
COL,Colombia,NA,2007,4.08301019668579
COL,Colombia,NA,2008,3.9387800693512
COL,Colombia,NA,2009,4.77651977539062
COL,Colombia,NA,2010,4.83382987976074
COL,Colombia,NA,2011,4.46608018875122
COL,Colombia,NA,2012,4.37038993835449
COL,Colombia,NA,2013,4.87855005264282
COL,Colombia,NA,2014,4.62945985794067
COL,Colombia,NA,2015,4.47038984298706
COL,Colombia,NA,2016,4.47721004486084
COL,Colombia,NA,2017,4.53551006317139
COL,Colombia,NA,2018,4.44910001754761
COL,Colombia,NA,2019,4.51068019866943
COL,Colombia,NA,2020,5.26166009902954
CRI,Costa Rica,NA,1980,7.34716987609863
CRI,Costa Rica,NA,1982,4.88506984710693
CRI,Costa Rica,NA,1983,4.95777988433838
CRI,Costa Rica,NA,1986,4.42026996612549
CRI,Costa Rica,NA,1988,4.01322984695435
CRI,Costa Rica,NA,1989,4.07784986495972
CRI,Costa Rica,NA,1995,3.35273003578186
CRI,Costa Rica,NA,1996,3.89071011543274
CRI,Costa Rica,NA,1999,5.39436006546021
CRI,Costa Rica,NA,2000,4.66695022583008
CRI,Costa Rica,NA,2001,4.83203983306885
CRI,Costa Rica,NA,2002,5.15044021606445
CRI,Costa Rica,NA,2003,5.13373994827271
CRI,Costa Rica,NA,2004,4.89062976837158
CRI,Costa Rica,NA,2006,4.61614990234375
CRI,Costa Rica,NA,2007,4.63449001312256
CRI,Costa Rica,NA,2008,4.88697004318237
CRI,Costa Rica,NA,2009,6.01031017303467
CRI,Costa Rica,NA,2010,6.56575012207031
CRI,Costa Rica,NA,2011,6.37988996505737
CRI,Costa Rica,NA,2012,6.58239984512329
CRI,Costa Rica,NA,2013,6.68738985061646
CRI,Costa Rica,NA,2014,6.67953014373779
CRI,Costa Rica,NA,2015,6.87349987030029
CRI,Costa Rica,NA,2016,6.89395999908447
CRI,Costa Rica,NA,2017,7.06981992721558
CRI,Costa Rica,NA,2018,6.76992988586426
CRI,Costa Rica,NA,2019,6.73809003829956
CRI,Costa Rica,NA,2020,6.62899017333984
CRI,Costa Rica,NA,2021,6.24842977523804
CRI,Costa Rica,NA,2022,5.5472297668457
CRI,Costa Rica,NA,2023,5.31208992004395
CUB,Cuba,NA,1980,8.36909008026123
CUB,Cuba,NA,1991,7.14496994018555
CUB,Cuba,NA,1993,7.07476997375488
CUB,Cuba,NA,1994,5.61948013305664
CUB,Cuba,NA,1998,6.20873022079468
CUB,Cuba,NA,1999,6.75523996353149
CUB,Cuba,NA,2000,7.70481014251709
CUB,Cuba,NA,2001,8.3580904006958
CUB,Cuba,NA,2002,9.57116985321045
CUB,Cuba,NA,2003,9.9408597946167
CUB,Cuba,NA,2004,10.2682304382324
CUB,Cuba,NA,2005,10.5577802658081
CUB,Cuba,NA,2006,9.05716991424561
CUB,Cuba,NA,2007,11.8682098388672
CUB,Cuba,NA,2008,14.0590801239014
CUB,Cuba,NA,2009,13.1248598098755
CUB,Cuba,NA,2010,12.8373098373413
CUB,Cuba,NA,2012,11.5516604913797
CUB,Cuba,NA,2013,10.67169596101
CUB,Cuba,NA,2014,9.6074568445536
CUB,Cuba,NA,2015,8.9633578559392
CUB,Cuba,NA,2016,9.01309318032688
CUB,Cuba,NA,2017,8.44413540438793
CUB,Cuba,NA,2018,8.02498461098619
CUB,Cuba,NA,2019,9.04700486137163
CUB,Cuba,NA,2020,11.5248184008093
CUB,Cuba,NA,2021,9.3858620562531
CUB,Cuba,NA,2022,8.44086351669284
CUW,Curazao,NA,2011,5.64725392834695
CUW,Curazao,NA,2012,5.38283590387706
CUW,Curazao,NA,2013,5.11633014678955
CUW,Curazao,NA,2014,5.95464718602819
CUW,Curazao,NA,2015,5.95011209033324
CUW,Curazao,NA,2016,6.23495389518939
CUW,Curazao,NA,2017,5.91444785594951
CUW,Curazao,NA,2018,5.93873270793721
CUW,Curazao,NA,2019,5.81155632881729
CUW,Curazao,NA,2020,7.11645238834347
CUW,Curazao,NA,2021,6.18160236726664
CUW,Curazao,NA,2022,6.08167033605813
CUW,Curazao,NA,2023,5.30074159005788
CUW,Curazao,NA,2024,5.44313725490196
DMA,Dominica,NA,1989,4.28990983963013
DMA,Dominica,NA,1998,5.73984003067017
DMA,Dominica,NA,1999,4.02858018875122
DMA,Dominica,NA,2012,4.52896287885139
DMA,Dominica,NA,2013,4.35428103166344
DMA,Dominica,NA,2014,4.33216630134647
DMA,Dominica,NA,2015,3.09856009483337
DMA,Dominica,NA,2016,5.12971951862684
DMA,Dominica,NA,2017,4.71605005720456
DMA,Dominica,NA,2018,5.1536046272165
DMA,Dominica,NA,2019,4.88721990585327
DMA,Dominica,NA,2020,4.45777988433838
DMA,Dominica,NA,2021,5.71689183034862
DMA,Dominica,NA,2022,6.04314243406571
DMA,Dominica,NA,2023,4.69423746286593
DMA,Dominica,NA,2024,5.38572189060925
ECU,Ecuador,NA,1970,2.00283002853394
ECU,Ecuador,NA,1971,1.87940001487732
ECU,Ecuador,NA,1977,2.41883993148804
ECU,Ecuador,NA,1984,4.20342016220093
ECU,Ecuador,NA,1985,5.23334980010986
ECU,Ecuador,NA,1986,6.87237977981567
ECU,Ecuador,NA,1995,1.99764001369476
ECU,Ecuador,NA,1998,2.19536995887756
ECU,Ecuador,NA,1999,1.54734003543854
ECU,Ecuador,NA,2000,1.20265996456146
ECU,Ecuador,NA,2009,4.51763010025024
ECU,Ecuador,NA,2010,4.60028982162476
ECU,Ecuador,NA,2011,4.74424982070923
ECU,Ecuador,NA,2012,4.65310001373291
ECU,Ecuador,NA,2013,4.92997980117798
ECU,Ecuador,NA,2014,5.21019983291626
ECU,Ecuador,NA,2015,5.10570001602173
ECU,Ecuador,NA,2016,4.46397668804552
ECU,Ecuador,NA,2017,4.60667733499397
ECU,Ecuador,NA,2018,4.6250260585881
ECU,Ecuador,NA,2019,4.24576997756958
ECU,Ecuador,NA,2020,4.26103019714355
ECU,Ecuador,NA,2021,3.65649008750915
ECU,Ecuador,NA,2022,3.61301994323731
ECU,Ecuador,NA,2023,3.81964993476868
ECU,Ecuador,NA,2024,3.69074988365173
SLV,El Salvador,NA,1975,0.904510021209717
SLV,El Salvador,NA,1998,2.54725003242493
SLV,El Salvador,NA,1999,2.56260991096497
SLV,El Salvador,NA,2000,2.8386800289154
SLV,El Salvador,NA,2002,3.242840051651
SLV,El Salvador,NA,2003,3.13467001914978
SLV,El Salvador,NA,2005,3.17785000801086
SLV,El Salvador,NA,2006,3.49298000335693
SLV,El Salvador,NA,2007,3.60984992980957
SLV,El Salvador,NA,2008,4.45810985565185
SLV,El Salvador,NA,2009,4.65950012207031
SLV,El Salvador,NA,2010,4.04807996749878
SLV,El Salvador,NA,2011,3.89854001998901
SLV,El Salvador,NA,2012,3.7124400138855
SLV,El Salvador,NA,2013,3.80149006843567
SLV,El Salvador,NA,2014,3.82416009902954
SLV,El Salvador,NA,2015,3.90987992286682
SLV,El Salvador,NA,2016,3.82523989677429
SLV,El Salvador,NA,2017,3.7252299785614
SLV,El Salvador,NA,2018,3.60575008392334
SLV,El Salvador,NA,2019,3.38710999488831
SLV,El Salvador,NA,2020,3.66088008880615
SLV,El Salvador,NA,2021,3.57766008377075
SLV,El Salvador,NA,2022,3.26848006248474
SLV,El Salvador,NA,2023,3.18734002113342
SLV,El Salvador,NA,2024,3.31666994094849
USA,Estados Unidos,NA,2015,4.93064022064209
USA,Estados Unidos,NA,2016,4.78327989578247
USA,Estados Unidos,NA,2017,5.09296989440918
USA,Estados Unidos,NA,2018,4.89502000808716
USA,Estados Unidos,NA,2019,4.95746994018555
USA,Estados Unidos,NA,2020,5.39530992507935
USA,Estados Unidos,NA,2021,5.42038011550903
GRD,Granada,NA,2003,3.92673993110657
GRD,Granada,NA,2010,5.07508233496978
GRD,Granada,NA,2011,5.48532342071091
GRD,Granada,NA,2012,5.07225880686028
GRD,Granada,NA,2014,4.47756594772942
GRD,Granada,NA,2015,4.23861035989182
GRD,Granada,NA,2017,3.17379999160767
GRD,Granada,NA,2018,3.55919341882594
GRD,Granada,NA,2021,4.09030334217367
GRD,Granada,NA,2022,4.03767284869161
GRD,Granada,NA,2023,5.12544845968893
GTM,Guatemala,NA,1970,1.85871994495392
GTM,Guatemala,NA,1971,2.0255401134491
GTM,Guatemala,NA,1976,1.62729001045227
GTM,Guatemala,NA,1993,1.66575002670288
GTM,Guatemala,NA,1994,1.43998003005981
GTM,Guatemala,NA,1995,1.60479998588562
GTM,Guatemala,NA,1996,1.56369996070862
GTM,Guatemala,NA,2006,3.03285002708435
GTM,Guatemala,NA,2007,3.08809995651245
GTM,Guatemala,NA,2008,3.23686003684998
GTM,Guatemala,NA,2010,2.84864997863769
GTM,Guatemala,NA,2011,2.96865010261536
GTM,Guatemala,NA,2012,3.00524997711182
GTM,Guatemala,NA,2013,2.88808989524841
GTM,Guatemala,NA,2014,2.98563003540039
GTM,Guatemala,NA,2015,3.03032994270325
GTM,Guatemala,NA,2016,2.94474005699158
GTM,Guatemala,NA,2017,2.95009994506836
GTM,Guatemala,NA,2018,3.13193988800049
GTM,Guatemala,NA,2019,3.19297003746033
GTM,Guatemala,NA,2020,3.29485011100769
GTM,Guatemala,NA,2021,3.09189009666443
GTM,Guatemala,NA,2022,3.20787000656128
GTM,Guatemala,NA,2023,3.10877990722656
GTM,Guatemala,NA,2024,3.07588005065918
GUY,Guyana,NA,1970,4.32897996902466
GUY,Guyana,NA,1977,7.08872985839844
GUY,Guyana,NA,1979,9.37786960601807
GUY,Guyana,NA,1983,8.2534704208374
GUY,Guyana,NA,1984,7.22747993469238
GUY,Guyana,NA,1994,3.72445011138916
GUY,Guyana,NA,1995,3.60933995246887
GUY,Guyana,NA,1999,8.56105995178223
GUY,Guyana,NA,2000,8.48414993286133
GUY,Guyana,NA,2001,8.39729022979736
GUY,Guyana,NA,2002,8.36553955078125
GUY,Guyana,NA,2003,6.95590019226074
GUY,Guyana,NA,2004,5.51291990280151
GUY,Guyana,NA,2005,8.13973045349121
GUY,Guyana,NA,2006,3.11891007423401
GUY,Guyana,NA,2007,2.39117002487183
GUY,Guyana,NA,2009,2.15057992935181
GUY,Guyana,NA,2010,2.40938997268677
GUY,Guyana,NA,2011,2.50669002532959
GUY,Guyana,NA,2012,2.24131989479065
GUY,Guyana,NA,2014,4.36033010482788
GUY,Guyana,NA,2015,3.89569997787476
GUY,Guyana,NA,2016,4.73775005340576
GUY,Guyana,NA,2017,4.6647801399231
GUY,Guyana,NA,2018,4.45058012008667
HTI,Haití,NA,1981,1.39374005794525
HTI,Haití,NA,1982,1.07954001426697
HTI,Haití,NA,1983,1.0222100019455
HTI,Haití,NA,1984,0.986190021038055
HTI,Haití,NA,1985,0.969290018081665
HTI,Haití,NA,1991,1.07398998737335
HTI,Haití,NA,2014,1.75226998329163
HTI,Haití,NA,2015,1.85497999191284
HTI,Haití,NA,2016,1.38776004314423
HTI,Haití,NA,2017,1.49846994876862
HTI,Haití,NA,2018,1.63715994358063
HTI,Haití,NA,2019,1.08414978067408
HTI,Haití,NA,2020,1.11353641558643
HTI,Haití,NA,2021,1.24275181117048
HTI,Haití,NA,2022,1.02689812206798
HTI,Haití,NA,2023,0.964648012977964
HND,Honduras,NA,1978,2.01904988288879
HND,Honduras,NA,1979,2.01298999786377
HND,Honduras,NA,1980,1.93636000156403
HND,Honduras,NA,1994,2.51263999938965
HND,Honduras,NA,1995,2.61744999885559
HND,Honduras,NA,2012,6.29972793577391
HND,Honduras,NA,2013,5.87493991851807
HND,Honduras,NA,2014,7.09010982513428
HND,Honduras,NA,2015,6.41298007965088
HND,Honduras,NA,2016,6.09509492079297
HND,Honduras,NA,2017,5.74434396129576
HND,Honduras,NA,2018,6.05646991729736
HND,Honduras,NA,2019,5.98198266311593
HND,Honduras,NA,2020,6.09801328648889
HND,Honduras,NA,2021,5.88160201792279
HND,Honduras,NA,2022,4.48280030802056
HND,Honduras,NA,2023,4.54962037172702
CYM,Islas Caimán,NA,2018,2.16376945997106
CYM,Islas Caimán,NA,2019,1.13670003414154
CYM,Islas Caimán,NA,2020,1.45542001724243
CYM,Islas Caimán,NA,2021,1.31253004074097
CYM,Islas Caimán,NA,2022,1.48894000053406
CYM,Islas Caimán,NA,2023,1.57024002075195
TCA,Islas Turcas y Caicos,NA,2000,4.71883010864258
TCA,Islas Turcas y Caicos,NA,2001,4.84300994873047
TCA,Islas Turcas y Caicos,NA,2002,5.06913995742798
TCA,Islas Turcas y Caicos,NA,2003,4.72877979278565
TCA,Islas Turcas y Caicos,NA,2005,2.54099988937378
TCA,Islas Turcas y Caicos,NA,2011,3.16663368961357
TCA,Islas Turcas y Caicos,NA,2012,2.69749326490282
TCA,Islas Turcas y Caicos,NA,2013,2.80478695053816
TCA,Islas Turcas y Caicos,NA,2014,2.74654631561921
TCA,Islas Turcas y Caicos,NA,2015,3.09093999862671
TCA,Islas Turcas y Caicos,NA,2016,2.90744573120893
TCA,Islas Turcas y Caicos,NA,2017,2.47278207606746
TCA,Islas Turcas y Caicos,NA,2018,2.7437698841095
TCA,Islas Turcas y Caicos,NA,2019,2.12170004844665
TCA,Islas Turcas y Caicos,NA,2020,2.46213795190062
TCA,Islas Turcas y Caicos,NA,2021,3.27759003639221
TCA,Islas Turcas y Caicos,NA,2022,2.77640008926392
TCA,Islas Turcas y Caicos,NA,2023,2.68765461969981
TCA,Islas Turcas y Caicos,NA,2024,2.94998113247616
VGB,Islas Vírgenes Británicas,NA,2010,3.48700818755313
VGB,Islas Vírgenes Británicas,NA,2012,3.55560728835564
VGB,Islas Vírgenes Británicas,NA,2013,4.45811210742524
VGB,Islas Vírgenes Británicas,NA,2014,4.00919804063438
VGB,Islas Vírgenes Británicas,NA,2015,4.70449999843962
VGB,Islas Vírgenes Británicas,NA,2016,3.25467711875258
VGB,Islas Vírgenes Británicas,NA,2017,2.4570894097885
VGB,Islas Vírgenes Británicas,NA,2018,2.42556060278319
VGB,Islas Vírgenes Británicas,NA,2019,2.500967871937
VGB,Islas Vírgenes Británicas,NA,2020,2.70539282589676
VGB,Islas Vírgenes Británicas,NA,2021,3.0245532067775
VGB,Islas Vírgenes Británicas,NA,2022,2.48401807300907
VGB,Islas Vírgenes Británicas,NA,2023,3.17283855528435
JAM,Jamaica,NA,1973,3.63143992424011
JAM,Jamaica,NA,1974,4.24897003173828
JAM,Jamaica,NA,1975,5.22878980636597
JAM,Jamaica,NA,1976,5.85832977294922
JAM,Jamaica,NA,1977,6.02651977539062
JAM,Jamaica,NA,1985,5.39190006256104
JAM,Jamaica,NA,1986,4.60398006439209
JAM,Jamaica,NA,1988,3.94086003303528
JAM,Jamaica,NA,1989,5.18397998809815
JAM,Jamaica,NA,1990,4.7791600227356
JAM,Jamaica,NA,1991,4.38306999206543
JAM,Jamaica,NA,1992,3.33665990829468
JAM,Jamaica,NA,1993,3.21403002738953
JAM,Jamaica,NA,1994,4.06418991088867
JAM,Jamaica,NA,1995,3.38908004760742
JAM,Jamaica,NA,1996,3.67773008346558
JAM,Jamaica,NA,1997,4.37953996658325
JAM,Jamaica,NA,2000,4.98346996307373
JAM,Jamaica,NA,2001,5.38103008270264
JAM,Jamaica,NA,2002,5.37522983551025
JAM,Jamaica,NA,2003,4.25684976577759
JAM,Jamaica,NA,2004,3.91254997253418
JAM,Jamaica,NA,2005,4.61641979217529
JAM,Jamaica,NA,2007,5.49022006988525
JAM,Jamaica,NA,2008,6.19131994247437
JAM,Jamaica,NA,2009,6.19848012924194
JAM,Jamaica,NA,2010,6.37058019638062
JAM,Jamaica,NA,2011,6.26664018630981
JAM,Jamaica,NA,2012,6.1124701499939
JAM,Jamaica,NA,2013,6.25106000900269
JAM,Jamaica,NA,2014,6.01584005355835
JAM,Jamaica,NA,2015,5.45523023605347
JAM,Jamaica,NA,2016,5.31459999084473
JAM,Jamaica,NA,2017,5.26015996932983
JAM,Jamaica,NA,2018,5.41379022598267
JAM,Jamaica,NA,2019,5.16364002227783
JAM,Jamaica,NA,2020,5.38065828197341
JAM,Jamaica,NA,2021,5.63122987747192
JAM,Jamaica,NA,2022,5.35435009002685
JAM,Jamaica,NA,2023,5.65453693979426
JAM,Jamaica,NA,2024,5.51383018493652
MEX,México,NA,1989,2.2820100784301798
MEX,México,NA,1990,2.32498002052307
MEX,México,NA,1991,2.54800009727478
MEX,México,NA,1992,3.00500988960266
MEX,México,NA,1994,3.47706007957458
MEX,México,NA,1995,3.4974699020385702
MEX,México,NA,1998,3.17838001251221
MEX,México,NA,1999,3.36164999008179
MEX,México,NA,2000,3.80870008468628
MEX,México,NA,2001,4.0313401222229
MEX,México,NA,2002,4.24307012557983
MEX,México,NA,2003,4.83262014389038
MEX,México,NA,2004,4.51204013824463
MEX,México,NA,2005,4.63395023345947
MEX,México,NA,2006,4.49317979812622
MEX,México,NA,2007,4.47919988632202
MEX,México,NA,2008,4.60607004165649
MEX,México,NA,2009,4.94934988021851
MEX,México,NA,2010,4.93697023391724
MEX,México,NA,2011,4.9040699005127
MEX,México,NA,2012,4.88349008560181
MEX,México,NA,2013,4.50858020782471
MEX,México,NA,2014,5.06807994842529
MEX,México,NA,2015,5.05087995529175
MEX,México,NA,2016,4.75795984268188
MEX,México,NA,2017,4.39752006530762
MEX,México,NA,2018,4.13944005966187
MEX,México,NA,2020,4.4996600151062
MEX,México,NA,2021,4.23823976516724
MEX,México,NA,2022,4.05987977981567
NIC,Nicaragua,NA,1970,2.03858995437622
NIC,Nicaragua,NA,1971,2.49202990531921
NIC,Nicaragua,NA,1987,5.35174989700317
NIC,Nicaragua,NA,1992,2.98497009277344
NIC,Nicaragua,NA,1998,2.22585010528564
NIC,Nicaragua,NA,1999,2.92365002632141
NIC,Nicaragua,NA,2000,3.00160002708435
NIC,Nicaragua,NA,2002,2.39101004600525
NIC,Nicaragua,NA,2003,2.42200994491577
NIC,Nicaragua,NA,2010,4.48422002792358
NIC,Nicaragua,NA,2014,4.08329010009766
NIC,Nicaragua,NA,2015,4.07843017578125
NIC,Nicaragua,NA,2016,4.08114004135132
NIC,Nicaragua,NA,2017,4.35768985748291
NIC,Nicaragua,NA,2018,4.47380693256251
NIC,Nicaragua,NA,2019,4.59991969121332
NIC,Nicaragua,NA,2020,4.58034059162685
NIC,Nicaragua,NA,2021,4.08717467298944
NIC,Nicaragua,NA,2022,3.80001496174069
NIC,Nicaragua,NA,2023,2.86954998970032
PAN,Panamá,NA,1970,4.04328012466431
PAN,Panamá,NA,1971,3.35391998291016
PAN,Panamá,NA,1972,3.9828200340271
PAN,Panamá,NA,1973,3.48574995994568
PAN,Panamá,NA,1974,3.81979990005493
PAN,Panamá,NA,1975,4.15451002120972
PAN,Panamá,NA,1976,4.31272983551025
PAN,Panamá,NA,1977,4.28096008300781
PAN,Panamá,NA,1978,3.60597991943359
PAN,Panamá,NA,1979,3.64254999160767
PAN,Panamá,NA,1980,3.53567004203796
PAN,Panamá,NA,1981,3.43179988861084
PAN,Panamá,NA,1982,3.41850996017456
PAN,Panamá,NA,1983,3.55090999603271
PAN,Panamá,NA,1984,3.46870994567871
PAN,Panamá,NA,1985,3.52146005630493
PAN,Panamá,NA,1986,3.34574007987976
PAN,Panamá,NA,1987,3.87012004852295
PAN,Panamá,NA,1994,3.47054004669189
PAN,Panamá,NA,1995,3.94780993461609
PAN,Panamá,NA,1996,4.39390993118286
PAN,Panamá,NA,1997,4.08364009857178
PAN,Panamá,NA,1999,4.75114011764526
PAN,Panamá,NA,2000,4.89397001266479
PAN,Panamá,NA,2001,4.18935012817383
PAN,Panamá,NA,2002,4.2549901008606
PAN,Panamá,NA,2003,4.19644021987915
PAN,Panamá,NA,2004,3.55807995796204
PAN,Panamá,NA,2008,3.42529010772705
PAN,Panamá,NA,2011,3.07034993171692
PAN,Panamá,NA,2014,3.08107995986939
PAN,Panamá,NA,2015,3.26552009582519
PAN,Panamá,NA,2016,3.32278990745544
PAN,Panamá,NA,2017,3.37834000587463
PAN,Panamá,NA,2018,3.4524199962616
PAN,Panamá,NA,2019,3.28122011579173
PAN,Panamá,NA,2020,4.30487012863159
PAN,Panamá,NA,2021,3.71198010444641
PAN,Panamá,NA,2022,3.37781000137329
PAN,Panamá,NA,2023,2.47225999832153
PRY,Paraguay,NA,1970,2.10519003868103
PRY,Paraguay,NA,1971,2.26543998718262
PRY,Paraguay,NA,1985,1.39584004878998
PRY,Paraguay,NA,1990,1.04070997238159
PRY,Paraguay,NA,1998,4.19833993911743
PRY,Paraguay,NA,1999,4.23087978363037
PRY,Paraguay,NA,2000,4.2302098274231
PRY,Paraguay,NA,2001,3.8335599899292
PRY,Paraguay,NA,2002,3.40773010253906
PRY,Paraguay,NA,2003,3.3827600479126
PRY,Paraguay,NA,2004,2.86989998817444
PRY,Paraguay,NA,2007,2.73951005935669
PRY,Paraguay,NA,2010,2.7707200050354
PRY,Paraguay,NA,2011,3.69283008575439
PRY,Paraguay,NA,2012,3.66877007484436
PRY,Paraguay,NA,2013,2.67871193892232
PRY,Paraguay,NA,2014,2.59655894629063
PRY,Paraguay,NA,2015,3.33377822870463
PRY,Paraguay,NA,2016,3.43498992919922
PRY,Paraguay,NA,2017,3.09062070242279
PRY,Paraguay,NA,2018,3.2961960606943
PRY,Paraguay,NA,2019,3.48983027194334
PRY,Paraguay,NA,2020,3.93615007400513
PRY,Paraguay,NA,2021,3.41070008277893
PRY,Paraguay,NA,2022,3.39619994163513
PRY,Paraguay,NA,2023,3.393709897995
PRY,Paraguay,NA,2024,3.53410005569458
PER,Perú,NA,1973,3.39172005653381
PER,Perú,NA,1996,3.11879992485046
PER,Perú,NA,1998,3.27817988395691
PER,Perú,NA,1999,3.44133996963501
PER,Perú,NA,2000,3.22802996635437
PER,Perú,NA,2001,3.03712010383606
PER,Perú,NA,2002,2.82056999206543
PER,Perú,NA,2003,2.93779993057251
PER,Perú,NA,2004,2.95787000656128
PER,Perú,NA,2005,2.83903002738953
PER,Perú,NA,2006,2.65281009674072
PER,Perú,NA,2007,2.62940001487732
PER,Perú,NA,2008,2.8677499294281
PER,Perú,NA,2009,3.13994002342224
PER,Perú,NA,2010,2.86730003356934
PER,Perú,NA,2011,2.6635000705719
PER,Perú,NA,2012,2.92276000976562
PER,Perú,NA,2013,3.29729008674622
PER,Perú,NA,2014,3.69599008560181
PER,Perú,NA,2015,3.96933007240295
PER,Perú,NA,2016,3.81316995620727
PER,Perú,NA,2017,3.93130993843079
PER,Perú,NA,2018,3.71392011642456
PER,Perú,NA,2019,3.822429895401
PER,Perú,NA,2020,4.25937986373901
PER,Perú,NA,2021,3.92765998840332
PER,Perú,NA,2022,3.83975005149841
PER,Perú,NA,2023,4.24538993835449
PER,Perú,NA,2024,4.35778999328613
PRI,Puerto Rico,NA,1971,7.2505202293396
PRI,Puerto Rico,NA,1972,7.21458005905151
PRI,Puerto Rico,NA,1973,6.47992992401123
PRI,Puerto Rico,NA,1974,7.28690004348755
PRI,Puerto Rico,NA,1975,6.22974014282227
PRI,Puerto Rico,NA,1976,7.14049005508423
PRI,Puerto Rico,NA,1977,6.38756990432739
PRI,Puerto Rico,NA,1978,6.68102979660034
PRI,Puerto Rico,NA,2013,6.48106002807617
PRI,Puerto Rico,NA,2014,6.07265996932983
PRI,Puerto Rico,NA,2015,3.34032241682023
PRI,Puerto Rico,NA,2016,2.78358429967595
PRI,Puerto Rico,NA,2017,2.72538873126429
PRI,Puerto Rico,NA,2018,2.60388715714737
PRI,Puerto Rico,NA,2019,3.32791002069889
PRI,Puerto Rico,NA,2020,4.28663184360846
PRI,Puerto Rico,NA,2021,3.7296700261025
PRI,Puerto Rico,NA,2022,3.86129930773508
PRI,Puerto Rico,NA,2023,4.26898753959873
PRI,Puerto Rico,NA,2024,4.27101949674789
DOM,República Dominicana,NA,1970,2.64078998565674
DOM,República Dominicana,NA,1982,1.53891003131866
DOM,República Dominicana,NA,1983,1.46382999420166
DOM,República Dominicana,NA,1984,1.33455002307892
DOM,República Dominicana,NA,1985,1.21019005775452
DOM,República Dominicana,NA,1993,0.773949980735779
DOM,República Dominicana,NA,1994,0.893369972705841
DOM,República Dominicana,NA,1995,1.03330004215241
DOM,República Dominicana,NA,1996,1.22724997997284
DOM,República Dominicana,NA,2000,1.88829004764557
DOM,República Dominicana,NA,2001,1.96782994270325
DOM,República Dominicana,NA,2002,1.9140100479126
DOM,República Dominicana,NA,2003,1.84465003013611
DOM,República Dominicana,NA,2007,2.04678010940552
DOM,República Dominicana,NA,2010,1.88728788680129
DOM,República Dominicana,NA,2011,1.87925755786153
DOM,República Dominicana,NA,2013,3.62818152019188
DOM,República Dominicana,NA,2014,3.62243443144513
DOM,República Dominicana,NA,2015,3.60400277306673
DOM,República Dominicana,NA,2016,3.85049560792469
DOM,República Dominicana,NA,2017,3.92026752279272
DOM,República Dominicana,NA,2018,3.92849467476802
DOM,República Dominicana,NA,2019,4.04276873126053
DOM,República Dominicana,NA,2020,4.51769850778985
DOM,República Dominicana,NA,2021,3.58043271614957
DOM,República Dominicana,NA,2022,3.61088872070271
DOM,República Dominicana,NA,2023,3.7606477375256
KNA,San Cristóbal y Nieves,NA,1985,3.96502995491028
KNA,San Cristóbal y Nieves,NA,1987,2.64112997055054
KNA,San Cristóbal y Nieves,NA,1989,2.19795989990234
KNA,San Cristóbal y Nieves,NA,1991,1.99845004081726
KNA,San Cristóbal y Nieves,NA,1992,2.30386996269226
KNA,San Cristóbal y Nieves,NA,1995,2.57641005516052
KNA,San Cristóbal y Nieves,NA,1998,4.02056980133057
KNA,San Cristóbal y Nieves,NA,1999,3.32266998291016
KNA,San Cristóbal y Nieves,NA,2000,4.74038982391357
KNA,San Cristóbal y Nieves,NA,2001,4.4215497970581
KNA,San Cristóbal y Nieves,NA,2002,3.92051005363464
KNA,San Cristóbal y Nieves,NA,2003,3.79099011421204
KNA,San Cristóbal y Nieves,NA,2004,3.9713499546051
KNA,San Cristóbal y Nieves,NA,2005,3.83144998550415
KNA,San Cristóbal y Nieves,NA,2006,4.05925989151001
KNA,San Cristóbal y Nieves,NA,2007,4.1938099861145
KNA,San Cristóbal y Nieves,NA,2010,2.54554015619203
KNA,San Cristóbal y Nieves,NA,2011,2.49706527276352
KNA,San Cristóbal y Nieves,NA,2012,2.49200145387318
KNA,San Cristóbal y Nieves,NA,2013,3.26205857202123
KNA,San Cristóbal y Nieves,NA,2014,2.85307503792741
KNA,San Cristóbal y Nieves,NA,2015,2.54938006401062
KNA,San Cristóbal y Nieves,NA,2016,3.00076147453842
KNA,San Cristóbal y Nieves,NA,2017,2.77100327979144
KNA,San Cristóbal y Nieves,NA,2018,3.03524983830349
KNA,San Cristóbal y Nieves,NA,2019,2.72889566429639
KNA,San Cristóbal y Nieves,NA,2020,3.10568635584663
KNA,San Cristóbal y Nieves,NA,2021,2.78379011154175
KNA,San Cristóbal y Nieves,NA,2022,3.5579615526858
KNA,San Cristóbal y Nieves,NA,2023,3.49726171629099
SXM,San Martín (Países Bajos),NA,2012,4.61834872782909
SXM,San Martín (Países Bajos),NA,2014,3.06759489680727
SXM,San Martín (Países Bajos),NA,2022,4.27420508508285
SXM,San Martín (Países Bajos),NA,2023,3.92363832601723
VCT,San Vicente y las Granadinas,NA,1986,4.42911005020142
VCT,San Vicente y las Granadinas,NA,1989,4.46868991851807
VCT,San Vicente y las Granadinas,NA,1991,4.87377023696899
VCT,San Vicente y las Granadinas,NA,1998,4.03337001800537
VCT,San Vicente y las Granadinas,NA,1999,5.75268983840942
VCT,San Vicente y las Granadinas,NA,2000,7.32787990570068
VCT,San Vicente y las Granadinas,NA,2002,7.38802003860474
VCT,San Vicente y las Granadinas,NA,2003,8.17488956451416
VCT,San Vicente y las Granadinas,NA,2005,6.03082990646362
VCT,San Vicente y las Granadinas,NA,2007,5.43937015533447
VCT,San Vicente y las Granadinas,NA,2009,5.3761100769043
VCT,San Vicente y las Granadinas,NA,2010,4.80839014053345
VCT,San Vicente y las Granadinas,NA,2015,4.95614634835429
VCT,San Vicente y las Granadinas,NA,2016,5.45265007019043
VCT,San Vicente y las Granadinas,NA,2017,5.37974977493286
VCT,San Vicente y las Granadinas,NA,2018,5.22357988357544
VCT,San Vicente y las Granadinas,NA,2020,5.46376310406546
VCT,San Vicente y las Granadinas,NA,2022,7.07575034584772
VCT,San Vicente y las Granadinas,NA,2023,6.4582691706334
LCA,Santa Lucía,NA,1982,5.53879022598267
LCA,Santa Lucía,NA,1986,4.15467977523804
LCA,Santa Lucía,NA,1994,6.53238010406494
LCA,Santa Lucía,NA,1998,5.52894020080566
LCA,Santa Lucía,NA,1999,5.44994020462036
LCA,Santa Lucía,NA,2001,5.70733022689819
LCA,Santa Lucía,NA,2003,3.53449010848999
LCA,Santa Lucía,NA,2004,3.43646001815796
LCA,Santa Lucía,NA,2005,4.23895978927612
LCA,Santa Lucía,NA,2006,4.69669008255005
LCA,Santa Lucía,NA,2008,4.48353004455566
LCA,Santa Lucía,NA,2009,3.0676600933075
LCA,Santa Lucía,NA,2010,3.4828999042511
LCA,Santa Lucía,NA,2011,3.5988199710846
LCA,Santa Lucía,NA,2012,3.29098010063171
LCA,Santa Lucía,NA,2013,3.87661004066467
LCA,Santa Lucía,NA,2014,3.89103007316589
LCA,Santa Lucía,NA,2015,3.88088011741638
LCA,Santa Lucía,NA,2016,5.20954990386963
LCA,Santa Lucía,NA,2017,3.6273152206015
LCA,Santa Lucía,NA,2018,3.33277988433838
LCA,Santa Lucía,NA,2019,3.27267003059387
LCA,Santa Lucía,NA,2020,3.61522006988525
LCA,Santa Lucía,NA,2021,5.86197746335882
LCA,Santa Lucía,NA,2022,4.64235019683838
LCA,Santa Lucía,NA,2023,2.74211001396179
LCA,Santa Lucía,NA,2024,3.84700018653403
SUR,Surinam,NA,2015,5.53479610522553
SUR,Surinam,NA,2016,5.64051904970974
SUR,Surinam,NA,2017,5.45861311514349
SUR,Surinam,NA,2018,4.92259355761269
SUR,Surinam,NA,2019,6.77857289012664
SUR,Surinam,NA,2020,4.58425708265782
SUR,Surinam,NA,2021,4.13154972947739
SUR,Surinam,NA,2022,3.43460841988051
SUR,Surinam,NA,2023,2.86623341491363
TTO,Trinidad y Tobago,NA,1980,3.76807999610901
TTO,Trinidad y Tobago,NA,1982,5.45739984512329
TTO,Trinidad y Tobago,NA,1983,5.76660013198853
TTO,Trinidad y Tobago,NA,1984,5.87390995025635
TTO,Trinidad y Tobago,NA,1985,5.76774978637695
TTO,Trinidad y Tobago,NA,1989,4.1998701095581
TTO,Trinidad y Tobago,NA,1990,3.65412998199463
TTO,Trinidad y Tobago,NA,1994,3.43180990219116
TTO,Trinidad y Tobago,NA,1995,3.55854988098144
TTO,Trinidad y Tobago,NA,1996,3.24876999855042
TTO,Trinidad y Tobago,NA,1997,3.3252100944519
TTO,Trinidad y Tobago,NA,1998,2.43892002105713
TTO,Trinidad y Tobago,NA,1999,2.75611996650696
TTO,Trinidad y Tobago,NA,2000,2.75565004348755
TTO,Trinidad y Tobago,NA,2001,3.06528997421265
TTO,Trinidad y Tobago,NA,2002,3.54300999641419
TTO,Trinidad y Tobago,NA,2003,3.13660001754761
TTO,Trinidad y Tobago,NA,2010,4.21155458844183
TTO,Trinidad y Tobago,NA,2011,3.85078840215008
TTO,Trinidad y Tobago,NA,2012,3.57398000577018
TTO,Trinidad y Tobago,NA,2013,3.75275872925405
TTO,Trinidad y Tobago,NA,2014,3.59013796983043
TTO,Trinidad y Tobago,NA,2015,4.42459330779419
TTO,Trinidad y Tobago,NA,2016,4.21428227509361
TTO,Trinidad y Tobago,NA,2017,3.3293687903123
TTO,Trinidad y Tobago,NA,2018,3.47141762674052
TTO,Trinidad y Tobago,NA,2019,3.55386116245268
TTO,Trinidad y Tobago,NA,2020,4.22041988372803
TTO,Trinidad y Tobago,NA,2021,3.04397988319397
TTO,Trinidad y Tobago,NA,2022,2.81801009178162
TTO,Trinidad y Tobago,NA,2023,3.23358011245727
URY,Uruguay,NA,1979,1.98713004589081
URY,Uruguay,NA,1980,2.15950989723206
URY,Uruguay,NA,1984,2.37338995933533
URY,Uruguay,NA,1985,2.56679010391235
URY,Uruguay,NA,1986,3.1028299331665
URY,Uruguay,NA,1991,2.47907996177673
URY,Uruguay,NA,1992,2.41153001785278
URY,Uruguay,NA,1994,2.27171993255615
URY,Uruguay,NA,1995,2.521399974823
URY,Uruguay,NA,1996,2.86985993385315
URY,Uruguay,NA,1998,2.24337005615234
URY,Uruguay,NA,2000,2.42254996299744
URY,Uruguay,NA,2001,2.80096006393433
URY,Uruguay,NA,2002,2.32220005989075
URY,Uruguay,NA,2003,2.0682098865509
URY,Uruguay,NA,2004,2.49954009056091
URY,Uruguay,NA,2005,2.71476006507873
URY,Uruguay,NA,2006,2.85664010047913
URY,Uruguay,NA,2011,4.14937019348145
URY,Uruguay,NA,2012,4.09353338283242
URY,Uruguay,NA,2013,4.23893022537231
URY,Uruguay,NA,2014,4.26735019683838
URY,Uruguay,NA,2015,4.20636987686157
URY,Uruguay,NA,2016,4.36420011520386
URY,Uruguay,NA,2017,4.41787004470825
URY,Uruguay,NA,2018,4.60361003875732
URY,Uruguay,NA,2019,4.62834978103638
URY,Uruguay,NA,2020,4.55217981338501
URY,Uruguay,NA,2021,4.46211004257202
URY,Uruguay,NA,2022,4.4795298576355
URY,Uruguay,NA,2023,4.76461982727051
VEN,Venezuela,NA,1970,4.16286993026733
VEN,Venezuela,NA,1971,4.1799201965332
VEN,Venezuela,NA,1972,4.83728981018066
VEN,Venezuela,NA,1974,3.94795989990234
VEN,Venezuela,NA,1975,5.19851016998291
VEN,Venezuela,NA,1977,5.25665998458862
VEN,Venezuela,NA,1980,4.40072011947632
VEN,Venezuela,NA,1981,5.18743991851807
VEN,Venezuela,NA,1982,5.00895023345947
VEN,Venezuela,NA,1983,6.0598201751709
VEN,Venezuela,NA,1984,4.06372976303101
VEN,Venezuela,NA,1987,3.92751002311706
VEN,Venezuela,NA,1988,3.62941002845764
VEN,Venezuela,NA,1990,2.44671010971069
VEN,Venezuela,NA,1992,4.31067991256714
VEN,Venezuela,NA,1993,3.81783008575439
VEN,Venezuela,NA,1994,5.00603008270264
VEN,Venezuela,NA,2006,3.66905999183655
VEN,Venezuela,NA,2007,3.62732005119324
VEN,Venezuela,NA,2009,6.87467002868652
