iso3,territorio,cod_local,anio,valor
ARG,Argentina,NA,1980,40.8
ARG,Argentina,NA,1986,42.8
ARG,Argentina,NA,1987,45.3
ARG,Argentina,NA,1991,46.8
ARG,Argentina,NA,1992,45.5
ARG,Argentina,NA,1993,44.8
ARG,Argentina,NA,1994,45.9
ARG,Argentina,NA,1995,48.9
ARG,Argentina,NA,1996,49.5
ARG,Argentina,NA,1997,49.1
ARG,Argentina,NA,1998,50.7
ARG,Argentina,NA,1999,49.8
ARG,Argentina,NA,2000,51
ARG,Argentina,NA,2001,53.3
ARG,Argentina,NA,2002,53.8
ARG,Argentina,NA,2003,51
ARG,Argentina,NA,2004,48.5
ARG,Argentina,NA,2005,47.8
ARG,Argentina,NA,2006,46.4
ARG,Argentina,NA,2007,46.3
ARG,Argentina,NA,2008,45
ARG,Argentina,NA,2009,43.8
ARG,Argentina,NA,2010,43.7
ARG,Argentina,NA,2011,42.7
ARG,Argentina,NA,2012,41.4
ARG,Argentina,NA,2013,41.1
ARG,Argentina,NA,2014,41.8
ARG,Argentina,NA,2016,42.3
ARG,Argentina,NA,2017,41.4
ARG,Argentina,NA,2018,41.7
ARG,Argentina,NA,2019,43.3
ARG,Argentina,NA,2020,42.7
ARG,Argentina,NA,2021,42.4
ARG,Argentina,NA,2022,40.7
ARG,Argentina,NA,2023,42.4
ARG,Argentina,NA,2024,42.4
BRB,Barbados,NA,2016,34.1
BLZ,Belice,NA,1993,60.2
BLZ,Belice,NA,1994,60.9
BLZ,Belice,NA,1995,57.5
BLZ,Belice,NA,1996,56.6
BLZ,Belice,NA,1997,60.4
BLZ,Belice,NA,1998,54.9
BLZ,Belice,NA,1999,53.2
BLZ,Belice,NA,2018,39.9
BOL,Bolivia,NA,1990,42
BOL,Bolivia,NA,1992,49.1
BOL,Bolivia,NA,1997,58.1
BOL,Bolivia,NA,1999,58
BOL,Bolivia,NA,2000,61.6
BOL,Bolivia,NA,2001,57.4
BOL,Bolivia,NA,2002,59.3
BOL,Bolivia,NA,2004,55
BOL,Bolivia,NA,2005,58.5
BOL,Bolivia,NA,2006,56.7
BOL,Bolivia,NA,2007,54.5
BOL,Bolivia,NA,2008,50.8
BOL,Bolivia,NA,2009,49.2
BOL,Bolivia,NA,2011,46.1
BOL,Bolivia,NA,2012,46.6
BOL,Bolivia,NA,2013,47.6
BOL,Bolivia,NA,2014,47.8
BOL,Bolivia,NA,2015,46.7
BOL,Bolivia,NA,2016,45.2
BOL,Bolivia,NA,2017,44.6
BOL,Bolivia,NA,2018,42.6
BOL,Bolivia,NA,2019,41.6
BOL,Bolivia,NA,2020,43.6
BOL,Bolivia,NA,2021,40.9
BOL,Bolivia,NA,2022,41.2
BOL,Bolivia,NA,2023,42.1
BOL,Bolivia,NA,2024,40.9
BRA,Brasil,NA,1981,57.9
BRA,Brasil,NA,1982,58.4
BRA,Brasil,NA,1983,58.9
BRA,Brasil,NA,1984,58.3
BRA,Brasil,NA,1985,55.5
BRA,Brasil,NA,1986,58.4
BRA,Brasil,NA,1987,59.6
BRA,Brasil,NA,1988,61.4
BRA,Brasil,NA,1989,63.2
BRA,Brasil,NA,1990,60.5
BRA,Brasil,NA,1992,53.1
BRA,Brasil,NA,1993,60.1
BRA,Brasil,NA,1995,59.5
BRA,Brasil,NA,1996,59.8
BRA,Brasil,NA,1997,59.8
BRA,Brasil,NA,1998,59.6
BRA,Brasil,NA,1999,59
BRA,Brasil,NA,2001,58.4
BRA,Brasil,NA,2002,58.1
BRA,Brasil,NA,2003,57.6
BRA,Brasil,NA,2004,56.5
BRA,Brasil,NA,2005,56.3
BRA,Brasil,NA,2006,55.6
BRA,Brasil,NA,2007,54.9
BRA,Brasil,NA,2008,54
BRA,Brasil,NA,2009,53.7
BRA,Brasil,NA,2011,52.9
BRA,Brasil,NA,2012,53.4
BRA,Brasil,NA,2013,52.7
BRA,Brasil,NA,2014,52.1
BRA,Brasil,NA,2015,51.9
BRA,Brasil,NA,2016,53.4
BRA,Brasil,NA,2017,53.3
BRA,Brasil,NA,2018,53.9
BRA,Brasil,NA,2019,53.5
BRA,Brasil,NA,2020,48.8
BRA,Brasil,NA,2021,52.9
BRA,Brasil,NA,2022,51.9
BRA,Brasil,NA,2023,51.5
BRA,Brasil,NA,2024,50.3
CAN,Canadá,NA,1971,37.2
CAN,Canadá,NA,1973,34.9
CAN,Canadá,NA,1975,34.1
CAN,Canadá,NA,1977,33.7
CAN,Canadá,NA,1979,33.5
CAN,Canadá,NA,1981,33
CAN,Canadá,NA,1982,32.9
CAN,Canadá,NA,1984,33.5
CAN,Canadá,NA,1985,33.2
CAN,Canadá,NA,1986,31.7
CAN,Canadá,NA,1987,31.7
CAN,Canadá,NA,1988,31.2
CAN,Canadá,NA,1989,31
CAN,Canadá,NA,1990,31.4
CAN,Canadá,NA,1991,31.9
CAN,Canadá,NA,1992,31.6
CAN,Canadá,NA,1993,31.7
CAN,Canadá,NA,1994,31.3
CAN,Canadá,NA,1995,31.5
CAN,Canadá,NA,1996,32.8
CAN,Canadá,NA,1997,33.1
CAN,Canadá,NA,1998,33.2
CAN,Canadá,NA,1999,33.1
CAN,Canadá,NA,2000,33.4
CAN,Canadá,NA,2001,33.6
CAN,Canadá,NA,2002,33.6
CAN,Canadá,NA,2003,33.8
CAN,Canadá,NA,2004,33.8
CAN,Canadá,NA,2005,33.6
CAN,Canadá,NA,2006,34.1
CAN,Canadá,NA,2007,33.8
CAN,Canadá,NA,2008,33.9
CAN,Canadá,NA,2009,34
CAN,Canadá,NA,2010,33.6
CAN,Canadá,NA,2011,32.7
CAN,Canadá,NA,2012,33.5
CAN,Canadá,NA,2013,33.8
CAN,Canadá,NA,2014,33.2
CAN,Canadá,NA,2015,33.7
CAN,Canadá,NA,2016,32.7
CAN,Canadá,NA,2017,33.3
CAN,Canadá,NA,2018,32.5
CAN,Canadá,NA,2019,31.8
CAN,Canadá,NA,2020,29.9
CAN,Canadá,NA,2021,31.1
CAN,Canadá,NA,2022,31.5
CHL,Chile,NA,1987,56.2
CHL,Chile,NA,1990,57.2
CHL,Chile,NA,1992,54.8
CHL,Chile,NA,1994,56.4
CHL,Chile,NA,1996,54.9
CHL,Chile,NA,1998,55.5
CHL,Chile,NA,2000,52.8
CHL,Chile,NA,2003,51.5
CHL,Chile,NA,2006,47.7
CHL,Chile,NA,2009,47.4
CHL,Chile,NA,2011,46.9
CHL,Chile,NA,2013,46.8
CHL,Chile,NA,2015,45.3
CHL,Chile,NA,2017,45.3
CHL,Chile,NA,2020,47
CHL,Chile,NA,2022,43.2
CHL,Chile,NA,2024,43
COL,Colombia,NA,1980,55.1
COL,Colombia,NA,1988,53.1
COL,Colombia,NA,1989,52.8
COL,Colombia,NA,1991,51.3
COL,Colombia,NA,1992,51.3
COL,Colombia,NA,1996,56.8
COL,Colombia,NA,1999,58.5
COL,Colombia,NA,2000,58.4
COL,Colombia,NA,2001,57.3
COL,Colombia,NA,2002,56
COL,Colombia,NA,2003,53.6
COL,Colombia,NA,2004,55
COL,Colombia,NA,2005,53.9
COL,Colombia,NA,2008,55
COL,Colombia,NA,2009,54.1
COL,Colombia,NA,2010,54.4
COL,Colombia,NA,2011,53.3
COL,Colombia,NA,2012,53.6
COL,Colombia,NA,2013,53.5
COL,Colombia,NA,2014,53.6
COL,Colombia,NA,2015,52
COL,Colombia,NA,2016,51.7
COL,Colombia,NA,2017,50.9
COL,Colombia,NA,2018,51.6
COL,Colombia,NA,2019,52.5
COL,Colombia,NA,2020,54.4
COL,Colombia,NA,2021,55.1
COL,Colombia,NA,2022,54.8
COL,Colombia,NA,2023,54.6
COL,Colombia,NA,2024,54.4
CRI,Costa Rica,NA,1981,47.5
CRI,Costa Rica,NA,1986,34.4
CRI,Costa Rica,NA,1989,45.5
CRI,Costa Rica,NA,1990,45.2
CRI,Costa Rica,NA,1991,46.6
CRI,Costa Rica,NA,1992,45.6
CRI,Costa Rica,NA,1993,45.9
CRI,Costa Rica,NA,1994,46.7
CRI,Costa Rica,NA,1995,45.7
CRI,Costa Rica,NA,1996,46.5
CRI,Costa Rica,NA,1997,45.6
CRI,Costa Rica,NA,1998,45.6
CRI,Costa Rica,NA,1999,47.6
CRI,Costa Rica,NA,2000,47.4
CRI,Costa Rica,NA,2001,51.5
CRI,Costa Rica,NA,2002,51.8
CRI,Costa Rica,NA,2003,49.3
CRI,Costa Rica,NA,2004,48.4
CRI,Costa Rica,NA,2005,47.5
CRI,Costa Rica,NA,2006,49.3
CRI,Costa Rica,NA,2007,49.3
CRI,Costa Rica,NA,2008,48.6
CRI,Costa Rica,NA,2009,50.6
CRI,Costa Rica,NA,2010,48
CRI,Costa Rica,NA,2011,48.8
CRI,Costa Rica,NA,2012,48.4
CRI,Costa Rica,NA,2013,49.2
CRI,Costa Rica,NA,2014,48.6
CRI,Costa Rica,NA,2015,48.4
CRI,Costa Rica,NA,2016,48.7
CRI,Costa Rica,NA,2017,48.3
CRI,Costa Rica,NA,2018,48
CRI,Costa Rica,NA,2019,48.2
CRI,Costa Rica,NA,2020,49.2
CRI,Costa Rica,NA,2021,48.7
CRI,Costa Rica,NA,2022,47.2
CRI,Costa Rica,NA,2023,46.7
CRI,Costa Rica,NA,2024,45.8
CRI,Costa Rica,NA,2025,45.5
ECU,Ecuador,NA,1987,50.5
ECU,Ecuador,NA,1994,53.3
ECU,Ecuador,NA,1995,50.8
ECU,Ecuador,NA,1998,49.6
ECU,Ecuador,NA,1999,58.6
ECU,Ecuador,NA,2000,56.3
ECU,Ecuador,NA,2003,53.5
ECU,Ecuador,NA,2004,53.9
ECU,Ecuador,NA,2005,53.1
ECU,Ecuador,NA,2006,52.3
ECU,Ecuador,NA,2007,53.4
ECU,Ecuador,NA,2008,49.8
ECU,Ecuador,NA,2009,48.5
ECU,Ecuador,NA,2010,48.8
ECU,Ecuador,NA,2011,45.9
ECU,Ecuador,NA,2012,46.1
ECU,Ecuador,NA,2013,46.9
ECU,Ecuador,NA,2014,45
ECU,Ecuador,NA,2015,46
ECU,Ecuador,NA,2016,45
ECU,Ecuador,NA,2017,44.7
ECU,Ecuador,NA,2018,45.4
ECU,Ecuador,NA,2019,45.7
ECU,Ecuador,NA,2020,47.3
ECU,Ecuador,NA,2021,45.8
ECU,Ecuador,NA,2022,45.5
ECU,Ecuador,NA,2023,44.6
ECU,Ecuador,NA,2024,45.2
ECU,Ecuador,NA,2025,45.9
SLV,El Salvador,NA,1989,48.7
SLV,El Salvador,NA,1991,53.8
SLV,El Salvador,NA,1995,49.8
SLV,El Salvador,NA,1996,51
SLV,El Salvador,NA,1998,54.4
SLV,El Salvador,NA,1999,52.1
SLV,El Salvador,NA,2000,51.5
SLV,El Salvador,NA,2001,51.3
SLV,El Salvador,NA,2002,51.9
SLV,El Salvador,NA,2003,50.4
SLV,El Salvador,NA,2004,47.8
SLV,El Salvador,NA,2005,48.5
SLV,El Salvador,NA,2006,45.7
SLV,El Salvador,NA,2007,45.2
SLV,El Salvador,NA,2008,46.9
SLV,El Salvador,NA,2009,45.8
SLV,El Salvador,NA,2010,43.5
SLV,El Salvador,NA,2011,42.3
SLV,El Salvador,NA,2012,41.8
SLV,El Salvador,NA,2013,43.4
SLV,El Salvador,NA,2014,41.6
SLV,El Salvador,NA,2015,40.6
SLV,El Salvador,NA,2016,40
SLV,El Salvador,NA,2017,38
SLV,El Salvador,NA,2018,38.6
SLV,El Salvador,NA,2019,38.8
SLV,El Salvador,NA,2021,39
SLV,El Salvador,NA,2022,38.8
SLV,El Salvador,NA,2023,39.8
USA,Estados Unidos,NA,1963,36.7
USA,Estados Unidos,NA,1964,37.4
USA,Estados Unidos,NA,1965,36.8
USA,Estados Unidos,NA,1966,37.1
USA,Estados Unidos,NA,1967,36.9
USA,Estados Unidos,NA,1968,36.3
USA,Estados Unidos,NA,1969,36
USA,Estados Unidos,NA,1970,36.6
USA,Estados Unidos,NA,1971,36.9
USA,Estados Unidos,NA,1972,36.7
USA,Estados Unidos,NA,1973,36.1
USA,Estados Unidos,NA,1974,35.5
USA,Estados Unidos,NA,1975,35.7
USA,Estados Unidos,NA,1976,35.6
USA,Estados Unidos,NA,1977,35.5
USA,Estados Unidos,NA,1978,34.8
USA,Estados Unidos,NA,1979,34.8
USA,Estados Unidos,NA,1980,34.7
USA,Estados Unidos,NA,1981,35.5
USA,Estados Unidos,NA,1982,36.7
USA,Estados Unidos,NA,1983,37.3
USA,Estados Unidos,NA,1984,37.3
USA,Estados Unidos,NA,1985,37.6
USA,Estados Unidos,NA,1986,37.6
USA,Estados Unidos,NA,1987,37.2
USA,Estados Unidos,NA,1988,37.7
USA,Estados Unidos,NA,1989,38.2
USA,Estados Unidos,NA,1990,38.3
USA,Estados Unidos,NA,1991,38
USA,Estados Unidos,NA,1992,38.4
USA,Estados Unidos,NA,1993,40.4
USA,Estados Unidos,NA,1994,40
USA,Estados Unidos,NA,1995,39.9
USA,Estados Unidos,NA,1996,40.3
USA,Estados Unidos,NA,1997,40.5
USA,Estados Unidos,NA,1998,40
USA,Estados Unidos,NA,1999,40
USA,Estados Unidos,NA,2000,40.1
USA,Estados Unidos,NA,2001,40.6
USA,Estados Unidos,NA,2002,40.4
USA,Estados Unidos,NA,2003,40.8
USA,Estados Unidos,NA,2004,40.5
USA,Estados Unidos,NA,2005,41.3
USA,Estados Unidos,NA,2006,41.7
USA,Estados Unidos,NA,2007,41.1
USA,Estados Unidos,NA,2008,41.1
USA,Estados Unidos,NA,2009,40.9
USA,Estados Unidos,NA,2010,40.2
USA,Estados Unidos,NA,2011,41.2
USA,Estados Unidos,NA,2012,41.2
USA,Estados Unidos,NA,2013,40.9
USA,Estados Unidos,NA,2014,41.7
USA,Estados Unidos,NA,2015,41.5
USA,Estados Unidos,NA,2016,41.3
USA,Estados Unidos,NA,2017,41.4
USA,Estados Unidos,NA,2018,41.8
USA,Estados Unidos,NA,2019,41.9
USA,Estados Unidos,NA,2020,40
USA,Estados Unidos,NA,2021,39.7
USA,Estados Unidos,NA,2022,41.7
USA,Estados Unidos,NA,2023,41.8
USA,Estados Unidos,NA,2024,41.8
GRD,Granada,NA,2018,43.8
GTM,Guatemala,NA,1986,54.1
GTM,Guatemala,NA,1989,58.8
GTM,Guatemala,NA,1998,49.4
GTM,Guatemala,NA,2000,54.2
GTM,Guatemala,NA,2006,54.5
GTM,Guatemala,NA,2014,48.3
GTM,Guatemala,NA,2023,45.2
GUY,Guyana,NA,1992,39.5
GUY,Guyana,NA,1998,45.1
HTI,Haití,NA,2001,59
HTI,Haití,NA,2012,41.1
HND,Honduras,NA,1989,55.4
HND,Honduras,NA,1990,55.9
HND,Honduras,NA,1991,51.8
HND,Honduras,NA,1992,51.8
HND,Honduras,NA,1993,53.4
HND,Honduras,NA,1994,55
HND,Honduras,NA,1995,55.5
HND,Honduras,NA,1996,55.7
HND,Honduras,NA,1997,52.7
HND,Honduras,NA,1998,57.3
HND,Honduras,NA,1999,55.2
HND,Honduras,NA,2001,55.4
HND,Honduras,NA,2002,55.7
HND,Honduras,NA,2003,58.1
HND,Honduras,NA,2004,58.1
HND,Honduras,NA,2005,59.5
HND,Honduras,NA,2006,57.5
HND,Honduras,NA,2007,55.8
HND,Honduras,NA,2008,55.5
HND,Honduras,NA,2009,51.3
HND,Honduras,NA,2010,53.1
HND,Honduras,NA,2011,52.6
HND,Honduras,NA,2012,53.4
HND,Honduras,NA,2013,50
HND,Honduras,NA,2014,49.9
HND,Honduras,NA,2015,49.2
HND,Honduras,NA,2016,49.8
HND,Honduras,NA,2017,49.4
HND,Honduras,NA,2018,48.9
HND,Honduras,NA,2019,48.2
HND,Honduras,NA,2023,46.8
HND,Honduras,NA,2024,45.7
JAM,Jamaica,NA,1988,43.2
JAM,Jamaica,NA,1990,41.1
JAM,Jamaica,NA,1993,35.7
JAM,Jamaica,NA,1996,40.4
JAM,Jamaica,NA,1999,44.1
JAM,Jamaica,NA,2002,48.3
JAM,Jamaica,NA,2004,45.5
JAM,Jamaica,NA,2018,35.3
JAM,Jamaica,NA,2021,39.9
MEX,México,NA,1984,48.5
MEX,México,NA,1989,50.1
MEX,México,NA,1992,52.3
MEX,México,NA,1994,53.4
MEX,México,NA,1996,52
MEX,México,NA,1998,53.3
MEX,México,NA,2000,53.4
MEX,México,NA,2002,50.6
MEX,México,NA,2004,50.3
MEX,México,NA,2005,50.9
MEX,México,NA,2006,49.7
MEX,México,NA,2008,50.8
MEX,México,NA,2010,47.7
MEX,México,NA,2012,49.6
MEX,México,NA,2014,48.9
MEX,México,NA,2016,46.9
MEX,México,NA,2018,46
MEX,México,NA,2020,44.6
MEX,México,NA,2022,43.5
MEX,México,NA,2024,42.6
NIC,Nicaragua,NA,1993,57.1
NIC,Nicaragua,NA,1998,54.4
NIC,Nicaragua,NA,2001,52.9
NIC,Nicaragua,NA,2005,48.8
NIC,Nicaragua,NA,2009,43.9
NIC,Nicaragua,NA,2014,46.2
PAN,Panamá,NA,1979,48.7
PAN,Panamá,NA,1989,58.5
PAN,Panamá,NA,1991,58
PAN,Panamá,NA,1995,57.6
PAN,Panamá,NA,1997,58.1
PAN,Panamá,NA,1998,57.3
PAN,Panamá,NA,1999,56.3
PAN,Panamá,NA,2000,56.6
PAN,Panamá,NA,2001,56.7
PAN,Panamá,NA,2002,56.1
PAN,Panamá,NA,2003,55.6
PAN,Panamá,NA,2004,54.8
PAN,Panamá,NA,2005,53.8
PAN,Panamá,NA,2006,54.6
PAN,Panamá,NA,2007,52.7
PAN,Panamá,NA,2008,52.7
PAN,Panamá,NA,2009,51.8
PAN,Panamá,NA,2010,51.6
PAN,Panamá,NA,2011,51.3
PAN,Panamá,NA,2012,51.7
PAN,Panamá,NA,2013,51.5
PAN,Panamá,NA,2014,50.5
PAN,Panamá,NA,2015,50.8
PAN,Panamá,NA,2016,50.4
PAN,Panamá,NA,2017,49.9
PAN,Panamá,NA,2018,49.2
PAN,Panamá,NA,2019,49.8
PAN,Panamá,NA,2021,50.9
PAN,Panamá,NA,2023,48.9
PAN,Panamá,NA,2024,49.7
PRY,Paraguay,NA,1990,40.8
PRY,Paraguay,NA,1995,58.1
PRY,Paraguay,NA,1997,54.9
PRY,Paraguay,NA,1999,54.6
PRY,Paraguay,NA,2001,54.6
PRY,Paraguay,NA,2002,57.3
PRY,Paraguay,NA,2003,54.9
PRY,Paraguay,NA,2004,52.3
PRY,Paraguay,NA,2005,51.4
PRY,Paraguay,NA,2006,53
PRY,Paraguay,NA,2007,53
PRY,Paraguay,NA,2008,50.7
PRY,Paraguay,NA,2009,49.1
PRY,Paraguay,NA,2010,51
PRY,Paraguay,NA,2011,52.3
PRY,Paraguay,NA,2012,47.6
PRY,Paraguay,NA,2013,47.9
PRY,Paraguay,NA,2014,50.7
PRY,Paraguay,NA,2015,47.6
PRY,Paraguay,NA,2016,47.9
PRY,Paraguay,NA,2017,48.5
PRY,Paraguay,NA,2018,46
PRY,Paraguay,NA,2019,45.7
PRY,Paraguay,NA,2020,43.5
PRY,Paraguay,NA,2021,42.9
PRY,Paraguay,NA,2022,44.6
PRY,Paraguay,NA,2023,44.2
PRY,Paraguay,NA,2024,44.2
PER,Perú,NA,1985,45.6
PER,Perú,NA,1994,44
PER,Perú,NA,1997,53.3
PER,Perú,NA,1998,55.1
PER,Perú,NA,1999,54.8
PER,Perú,NA,2000,49.1
PER,Perú,NA,2001,51.3
PER,Perú,NA,2002,53.6
PER,Perú,NA,2003,53.1
PER,Perú,NA,2004,49.9
PER,Perú,NA,2005,50.4
PER,Perú,NA,2006,50.3
PER,Perú,NA,2007,50
PER,Perú,NA,2008,47.5
PER,Perú,NA,2009,47
PER,Perú,NA,2010,45.5
PER,Perú,NA,2011,44.7
PER,Perú,NA,2012,44.4
PER,Perú,NA,2013,43.9
PER,Perú,NA,2014,43.1
PER,Perú,NA,2015,43.4
PER,Perú,NA,2016,43.6
PER,Perú,NA,2017,43.3
PER,Perú,NA,2018,42.4
PER,Perú,NA,2019,41.5
PER,Perú,NA,2020,43.7
PER,Perú,NA,2021,40.1
PER,Perú,NA,2022,40.3
PER,Perú,NA,2023,40.7
PER,Perú,NA,2024,40.1
DOM,República Dominicana,NA,1986,47.8
DOM,República Dominicana,NA,1989,50.4
DOM,República Dominicana,NA,1992,51.1
DOM,República Dominicana,NA,1996,47.4
DOM,República Dominicana,NA,1997,48.9
DOM,República Dominicana,NA,2000,51.5
DOM,República Dominicana,NA,2001,50
DOM,República Dominicana,NA,2002,49.7
DOM,República Dominicana,NA,2003,52.1
DOM,República Dominicana,NA,2004,52.1
DOM,República Dominicana,NA,2005,50
DOM,República Dominicana,NA,2006,52
DOM,República Dominicana,NA,2007,48.9
DOM,República Dominicana,NA,2008,48.1
DOM,República Dominicana,NA,2009,48.9
DOM,República Dominicana,NA,2010,47.3
DOM,República Dominicana,NA,2011,47.7
DOM,República Dominicana,NA,2012,46.1
DOM,República Dominicana,NA,2013,47.7
DOM,República Dominicana,NA,2014,44.3
DOM,República Dominicana,NA,2015,45.2
DOM,República Dominicana,NA,2016,45.7
DOM,República Dominicana,NA,2017,42.2
DOM,República Dominicana,NA,2018,43.7
DOM,República Dominicana,NA,2019,41.9
DOM,República Dominicana,NA,2020,39.6
DOM,República Dominicana,NA,2021,38.5
DOM,República Dominicana,NA,2022,37
DOM,República Dominicana,NA,2023,38.4
DOM,República Dominicana,NA,2024,39
LCA,Santa Lucía,NA,1995,42.6
LCA,Santa Lucía,NA,2015,43.7
SUR,Surinam,NA,1999,57.5
SUR,Surinam,NA,2022,39.2
TTO,Trinidad y Tobago,NA,1988,42.6
TTO,Trinidad y Tobago,NA,1992,40.2
URY,Uruguay,NA,1981,43.6
URY,Uruguay,NA,1989,42.4
URY,Uruguay,NA,1992,41.5
URY,Uruguay,NA,1995,40.9
URY,Uruguay,NA,1996,40.8
URY,Uruguay,NA,1997,41.5
URY,Uruguay,NA,1998,42.5
URY,Uruguay,NA,2000,43.4
URY,Uruguay,NA,2001,45
URY,Uruguay,NA,2002,45.5
URY,Uruguay,NA,2003,45
URY,Uruguay,NA,2004,45.9
URY,Uruguay,NA,2005,44.7
URY,Uruguay,NA,2006,45.9
URY,Uruguay,NA,2007,46.4
URY,Uruguay,NA,2008,45.1
URY,Uruguay,NA,2009,45.5
URY,Uruguay,NA,2010,44.5
URY,Uruguay,NA,2011,42.2
URY,Uruguay,NA,2012,39.9
URY,Uruguay,NA,2013,40.5
URY,Uruguay,NA,2014,40.1
URY,Uruguay,NA,2015,40.1
URY,Uruguay,NA,2016,39.7
URY,Uruguay,NA,2017,39.5
URY,Uruguay,NA,2018,39.7
URY,Uruguay,NA,2019,39.7
URY,Uruguay,NA,2020,40.2
URY,Uruguay,NA,2021,40.8
URY,Uruguay,NA,2022,40.6
URY,Uruguay,NA,2023,40.9
URY,Uruguay,NA,2024,40
VEN,Venezuela,NA,1981,55.6
VEN,Venezuela,NA,1987,53.4
VEN,Venezuela,NA,1989,43.8
VEN,Venezuela,NA,1992,42.1
VEN,Venezuela,NA,1995,47.2
VEN,Venezuela,NA,1998,48
VEN,Venezuela,NA,1999,47.7
VEN,Venezuela,NA,2001,47.2
VEN,Venezuela,NA,2002,48.9
VEN,Venezuela,NA,2003,47.9
VEN,Venezuela,NA,2004,47.3
VEN,Venezuela,NA,2005,49.3
VEN,Venezuela,NA,2006,44.7
