iso3,territorio,cod_local,anio,valor,sexo
ATG,Antigua y Barbuda,NA,1990,0,Total
ATG,Antigua y Barbuda,NA,1995,2.2,Total
ATG,Antigua y Barbuda,NA,1996,2.86,Total
ATG,Antigua y Barbuda,NA,1997,3.48,Total
ATG,Antigua y Barbuda,NA,1998,4.07,Total
ATG,Antigua y Barbuda,NA,1999,5.3,Total
ATG,Antigua y Barbuda,NA,2000,6.48222573702907,Total
ATG,Antigua y Barbuda,NA,2001,8.89928551450583,Total
ATG,Antigua y Barbuda,NA,2002,12.5,Total
ATG,Antigua y Barbuda,NA,2003,17.2286487816884,Total
ATG,Antigua y Barbuda,NA,2004,24.2665437161785,Total
ATG,Antigua y Barbuda,NA,2005,27,Total
ATG,Antigua y Barbuda,NA,2006,30,Total
ATG,Antigua y Barbuda,NA,2007,34,Total
ATG,Antigua y Barbuda,NA,2008,38,Total
ATG,Antigua y Barbuda,NA,2009,42,Total
ATG,Antigua y Barbuda,NA,2010,47,Total
ATG,Antigua y Barbuda,NA,2011,52,Total
ATG,Antigua y Barbuda,NA,2012,58,Total
ATG,Antigua y Barbuda,NA,2013,63.40000153,Total
ATG,Antigua y Barbuda,NA,2014,67.77999878,Total
ATG,Antigua y Barbuda,NA,2015,70,Total
ATG,Antigua y Barbuda,NA,2016,70.27159882,Total
ATG,Antigua y Barbuda,NA,2017,70.54419708,Total
ATG,Antigua y Barbuda,NA,2018,70.81790161,Total
ATG,Antigua y Barbuda,NA,2019,71.09259796,Total
ATG,Antigua y Barbuda,NA,2020,71.36840057,Total
ATG,Antigua y Barbuda,NA,2021,71.64530182,Total
ATG,Antigua y Barbuda,NA,2022,71.9233017,Total
ATG,Antigua y Barbuda,NA,2023,72.12409973,Total
ATG,Antigua y Barbuda,NA,2024,72.73040009,Total
ARG,Argentina,NA,2016,71.9057,Hombres
ARG,Argentina,NA,2017,75.1706,Hombres
ARG,Argentina,NA,2021,87.8221,Hombres
ARG,Argentina,NA,2022,88.69,Hombres
ARG,Argentina,NA,2023,89.44,Hombres
ARG,Argentina,NA,2024,90.222,Hombres
ARG,Argentina,NA,2016,70.115,Mujeres
ARG,Argentina,NA,2017,73.492,Mujeres
ARG,Argentina,NA,2021,86.5182,Mujeres
ARG,Argentina,NA,2022,88.08,Mujeres
ARG,Argentina,NA,2023,89.03,Mujeres
ARG,Argentina,NA,2024,89.1403,Mujeres
ARG,Argentina,NA,1990,0,Total
ARG,Argentina,NA,1992,0.00299,Total
ARG,Argentina,NA,1993,0.0295,Total
ARG,Argentina,NA,1994,0.0437,Total
ARG,Argentina,NA,1995,0.0863,Total
ARG,Argentina,NA,1996,0.142,Total
ARG,Argentina,NA,1997,0.28,Total
ARG,Argentina,NA,1998,0.831,Total
ARG,Argentina,NA,1999,3.28,Total
ARG,Argentina,NA,2000,7.0386830862178,Total
ARG,Argentina,NA,2001,9.78080728532407,Total
ARG,Argentina,NA,2002,10.8821243775325,Total
ARG,Argentina,NA,2003,11.9136965509954,Total
ARG,Argentina,NA,2004,16.0366841054923,Total
ARG,Argentina,NA,2005,17.7205833696065,Total
ARG,Argentina,NA,2006,20.9272021035896,Total
ARG,Argentina,NA,2007,25.9466329403819,Total
ARG,Argentina,NA,2008,28.1126234799907,Total
ARG,Argentina,NA,2009,34,Total
ARG,Argentina,NA,2010,45,Total
ARG,Argentina,NA,2011,51,Total
ARG,Argentina,NA,2012,55.79999924,Total
ARG,Argentina,NA,2013,59.90000153,Total
ARG,Argentina,NA,2014,64.69999695,Total
ARG,Argentina,NA,2015,68.0430641088122,Total
ARG,Argentina,NA,2016,70.9689808206024,Total
ARG,Argentina,NA,2017,74.2949068657957,Total
ARG,Argentina,NA,2018,77.7,Total
ARG,Argentina,NA,2019,79.9469520347551,Total
ARG,Argentina,NA,2020,85.51438646,Total
ARG,Argentina,NA,2021,87.15070683,Total
ARG,Argentina,NA,2022,88.37535691,Total
ARG,Argentina,NA,2023,89.22897166,Total
ARG,Argentina,NA,2024,89.66715228,Total
ABW,Aruba,NA,1990,0,Total
ABW,Aruba,NA,1996,2.77,Total
ABW,Aruba,NA,1999,4.51,Total
ABW,Aruba,NA,2000,15.4428229480349,Total
ABW,Aruba,NA,2001,17.1,Total
ABW,Aruba,NA,2002,18.8,Total
ABW,Aruba,NA,2003,20.8,Total
ABW,Aruba,NA,2004,23,Total
ABW,Aruba,NA,2005,25.4,Total
ABW,Aruba,NA,2006,28,Total
ABW,Aruba,NA,2007,30.9,Total
ABW,Aruba,NA,2008,52,Total
ABW,Aruba,NA,2009,58,Total
ABW,Aruba,NA,2010,62,Total
ABW,Aruba,NA,2011,69,Total
ABW,Aruba,NA,2012,74,Total
ABW,Aruba,NA,2013,78.9,Total
ABW,Aruba,NA,2014,83.78,Total
ABW,Aruba,NA,2015,88.661226932496,Total
ABW,Aruba,NA,2016,93.542453865048,Total
ABW,Aruba,NA,2017,97.17,Total
BHS,Bahamas,NA,2010,62.2767,Hombres
BHS,Bahamas,NA,2010,67.0357,Mujeres
BHS,Bahamas,NA,1990,0,Total
BHS,Bahamas,NA,1995,0.96,Total
BHS,Bahamas,NA,1996,1.75,Total
BHS,Bahamas,NA,1997,1.36,Total
BHS,Bahamas,NA,1998,2.34,Total
BHS,Bahamas,NA,1999,3.76,Total
BHS,Bahamas,NA,2000,8,Total
BHS,Bahamas,NA,2001,11.8,Total
BHS,Bahamas,NA,2002,18,Total
BHS,Bahamas,NA,2003,20,Total
BHS,Bahamas,NA,2004,22,Total
BHS,Bahamas,NA,2005,25,Total
BHS,Bahamas,NA,2006,26,Total
BHS,Bahamas,NA,2007,27,Total
BHS,Bahamas,NA,2008,31.54,Total
BHS,Bahamas,NA,2009,33.88,Total
BHS,Bahamas,NA,2010,43,Total
BHS,Bahamas,NA,2011,65,Total
BHS,Bahamas,NA,2012,71.74819946,Total
BHS,Bahamas,NA,2013,72,Total
BHS,Bahamas,NA,2014,76.91999817,Total
BHS,Bahamas,NA,2015,78,Total
BHS,Bahamas,NA,2016,80,Total
BHS,Bahamas,NA,2017,80.59999847,Total
BHS,Bahamas,NA,2018,83,Total
BHS,Bahamas,NA,2019,90.69329834,Total
BHS,Bahamas,NA,2020,92.4437027,Total
BHS,Bahamas,NA,2021,92.34980011,Total
BHS,Bahamas,NA,2022,92.2559967,Total
BHS,Bahamas,NA,2023,92.38729858,Total
BHS,Bahamas,NA,2024,92.47270203,Total
BRB,Barbados,NA,1990,0,Total
BRB,Barbados,NA,1995,0.00775,Total
BRB,Barbados,NA,1996,0.389,Total
BRB,Barbados,NA,1997,0.783,Total
BRB,Barbados,NA,1998,1.97,Total
BRB,Barbados,NA,1999,2.38,Total
BRB,Barbados,NA,2000,3.97367835457927,Total
BRB,Barbados,NA,2001,11.9364503383984,Total
BRB,Barbados,NA,2002,27.836322424146,Total
BRB,Barbados,NA,2003,39.6896271159532,Total
BRB,Barbados,NA,2004,49.8,Total
BRB,Barbados,NA,2005,52.5,Total
BRB,Barbados,NA,2006,55.29999924,Total
BRB,Barbados,NA,2007,58.20000076,Total
BRB,Barbados,NA,2008,61.40000153,Total
BRB,Barbados,NA,2009,64.69999695,Total
BRB,Barbados,NA,2010,65.09999847,Total
BRB,Barbados,NA,2011,66.5,Total
BRB,Barbados,NA,2012,71.19999695,Total
BRB,Barbados,NA,2013,71.80000305,Total
BRB,Barbados,NA,2014,71.92459869,Total
BRB,Barbados,NA,2015,72.04940033,Total
BRB,Barbados,NA,2016,71.57299805,Total
BRB,Barbados,NA,2017,71.14849854,Total
BRB,Barbados,NA,2018,70.72650146,Total
BRB,Barbados,NA,2019,70.30709839,Total
BRB,Barbados,NA,2020,69.89009857,Total
BRB,Barbados,NA,2021,69.4756012,Total
BRB,Barbados,NA,2022,69.06359863,Total
BRB,Barbados,NA,2023,69.67510223,Total
BRB,Barbados,NA,2024,70.36470032,Total
BLZ,Belice,NA,2010,28.0629,Hombres
BLZ,Belice,NA,2024,78.2689,Hombres
BLZ,Belice,NA,2010,28.3996,Mujeres
BLZ,Belice,NA,2024,81.712,Mujeres
BLZ,Belice,NA,1990,0,Total
BLZ,Belice,NA,1995,0.0454,Total
BLZ,Belice,NA,1996,0.883,Total
BLZ,Belice,NA,1997,1.29,Total
BLZ,Belice,NA,1998,2.09,Total
BLZ,Belice,NA,1999,4.08,Total
BLZ,Belice,NA,2000,5.96383530272428,Total
BLZ,Belice,NA,2002,5.68425121358763,Total
BLZ,Belice,NA,2004,9.8,Total
BLZ,Belice,NA,2005,17,Total
BLZ,Belice,NA,2006,24,Total
BLZ,Belice,NA,2007,24.60000038,Total
BLZ,Belice,NA,2008,26.299999239999998,Total
BLZ,Belice,NA,2009,27.200000760000002,Total
BLZ,Belice,NA,2010,28.2,Total
BLZ,Belice,NA,2011,30.700000760000002,Total
BLZ,Belice,NA,2012,31,Total
BLZ,Belice,NA,2013,33.59999847,Total
BLZ,Belice,NA,2014,38.70000076,Total
BLZ,Belice,NA,2015,41.59000015,Total
BLZ,Belice,NA,2016,44.57569885,Total
BLZ,Belice,NA,2017,48.8771019,Total
BLZ,Belice,NA,2018,53.59360123,Total
BLZ,Belice,NA,2019,58.76520157,Total
BLZ,Belice,NA,2020,64.43589783,Total
BLZ,Belice,NA,2021,70.65370178,Total
BLZ,Belice,NA,2022,69.98329926,Total
BLZ,Belice,NA,2023,70.18720245,Total
BLZ,Belice,NA,2024,80.00582262,Total
BMU,Bermudas,NA,1990,0,Total
BMU,Bermudas,NA,1995,6.84,Total
BMU,Bermudas,NA,1996,16.2,Total
BMU,Bermudas,NA,1997,24.2,Total
BMU,Bermudas,NA,1998,32.1,Total
BMU,Bermudas,NA,1999,39.9,Total
BMU,Bermudas,NA,2000,42.9498600152711,Total
BMU,Bermudas,NA,2001,47.5096998970623,Total
BMU,Bermudas,NA,2002,52.0315973700393,Total
BMU,Bermudas,NA,2003,56.5220121836337,Total
BMU,Bermudas,NA,2004,60.9908670086326,Total
BMU,Bermudas,NA,2005,65.4470657898838,Total
BMU,Bermudas,NA,2006,69.8996551617012,Total
BMU,Bermudas,NA,2007,74.3505940302669,Total
BMU,Bermudas,NA,2008,82.3,Total
BMU,Bermudas,NA,2009,83.25,Total
BMU,Bermudas,NA,2010,84.21,Total
BMU,Bermudas,NA,2011,88.336,Total
BMU,Bermudas,NA,2012,91.2993045243401,Total
BMU,Bermudas,NA,2013,95.3,Total
BMU,Bermudas,NA,2014,96.8,Total
BMU,Bermudas,NA,2015,98.3236096537251,Total
BMU,Bermudas,NA,2016,98,Total
BMU,Bermudas,NA,2017,98.37,Total
BOL,Bolivia,NA,2009,33.18,Hombres
BOL,Bolivia,NA,2013,39.9463,Hombres
BOL,Bolivia,NA,2014,37.1074,Hombres
BOL,Bolivia,NA,2015,40.5855,Hombres
BOL,Bolivia,NA,2018,47.0067,Hombres
BOL,Bolivia,NA,2019,50.6648,Hombres
BOL,Bolivia,NA,2020,61.9163,Hombres
BOL,Bolivia,NA,2021,68.3228,Hombres
BOL,Bolivia,NA,2009,25.9665,Mujeres
BOL,Bolivia,NA,2013,34.2187,Mujeres
BOL,Bolivia,NA,2014,32.1849,Mujeres
BOL,Bolivia,NA,2015,34.4719,Mujeres
BOL,Bolivia,NA,2018,41.6667,Mujeres
BOL,Bolivia,NA,2019,44.4308,Mujeres
BOL,Bolivia,NA,2020,58.0403,Mujeres
BOL,Bolivia,NA,2021,63.7076,Mujeres
BOL,Bolivia,NA,1990,0,Total
BOL,Bolivia,NA,1995,0.0668,Total
BOL,Bolivia,NA,1996,0.196,Total
BOL,Bolivia,NA,1997,0.448,Total
BOL,Bolivia,NA,1998,0.626,Total
BOL,Bolivia,NA,1999,0.982,Total
BOL,Bolivia,NA,2000,1.4427635847914,Total
BOL,Bolivia,NA,2001,2.1204625341365,Total
BOL,Bolivia,NA,2002,3.11719294696997,Total
BOL,Bolivia,NA,2003,3.50859640072336,Total
BOL,Bolivia,NA,2004,4.43992460120042,Total
BOL,Bolivia,NA,2005,5.22758395663196,Total
BOL,Bolivia,NA,2006,6.20067125473576,Total
BOL,Bolivia,NA,2007,10.49919987,Total
BOL,Bolivia,NA,2008,12.5,Total
BOL,Bolivia,NA,2009,16.799999239999998,Total
BOL,Bolivia,NA,2010,22.39999962,Total
BOL,Bolivia,NA,2011,30,Total
BOL,Bolivia,NA,2012,35.34,Total
BOL,Bolivia,NA,2013,36.99,Total
BOL,Bolivia,NA,2014,34.6016202324676,Total
BOL,Bolivia,NA,2015,37.4868176324391,Total
BOL,Bolivia,NA,2016,39.69749832,Total
BOL,Bolivia,NA,2017,43.83229828,Total
BOL,Bolivia,NA,2018,44.2861422024283,Total
BOL,Bolivia,NA,2019,47.4748191121692,Total
BOL,Bolivia,NA,2020,59.94010155,Total
BOL,Bolivia,NA,2021,65.9773785,Total
BOL,Bolivia,NA,2022,72.62270355,Total
BOL,Bolivia,NA,2023,77.30039978,Total
BOL,Bolivia,NA,2024,79.70469666,Total
BRA,Brasil,NA,2009,40.5929,Hombres
BRA,Brasil,NA,2010,41.0911,Hombres
BRA,Brasil,NA,2013,49.1403,Hombres
BRA,Brasil,NA,2014,54.9503,Hombres
BRA,Brasil,NA,2015,59.1559,Hombres
BRA,Brasil,NA,2016,60.6047,Hombres
BRA,Brasil,NA,2017,67.6165,Hombres
BRA,Brasil,NA,2018,70.8905,Hombres
BRA,Brasil,NA,2019,74.3905,Hombres
BRA,Brasil,NA,2020,77.333,Hombres
BRA,Brasil,NA,2021,81.6433,Hombres
BRA,Brasil,NA,2022,79.871,Hombres
BRA,Brasil,NA,2023,82.5526,Hombres
BRA,Brasil,NA,2024,85.1736,Hombres
BRA,Brasil,NA,2009,37.9472,Mujeres
BRA,Brasil,NA,2010,40.2503,Mujeres
BRA,Brasil,NA,2013,52.8162,Mujeres
BRA,Brasil,NA,2014,54.1797,Mujeres
BRA,Brasil,NA,2015,57.5621,Mujeres
BRA,Brasil,NA,2016,61.1209,Mujeres
BRA,Brasil,NA,2017,67.3369,Mujeres
BRA,Brasil,NA,2018,70.0151,Mujeres
BRA,Brasil,NA,2019,73.4729,Mujeres
BRA,Brasil,NA,2020,84.9105,Mujeres
BRA,Brasil,NA,2021,79.7915,Mujeres
BRA,Brasil,NA,2022,81.1465,Mujeres
BRA,Brasil,NA,2023,85.6558,Mujeres
BRA,Brasil,NA,2024,83.7948,Mujeres
BRA,Brasil,NA,1990,0,Total
BRA,Brasil,NA,1991,0.00329,Total
BRA,Brasil,NA,1992,0.0129,Total
BRA,Brasil,NA,1993,0.0255,Total
BRA,Brasil,NA,1994,0.0377,Total
BRA,Brasil,NA,1995,0.105,Total
BRA,Brasil,NA,1996,0.451,Total
BRA,Brasil,NA,1997,0.786,Total
BRA,Brasil,NA,1998,1.48,Total
BRA,Brasil,NA,1999,2.04,Total
BRA,Brasil,NA,2000,2.87068515854108,Total
BRA,Brasil,NA,2001,4.52849486902851,Total
BRA,Brasil,NA,2002,9.14942508560748,Total
BRA,Brasil,NA,2003,13.2075861035303,Total
BRA,Brasil,NA,2004,19.073672274442,Total
BRA,Brasil,NA,2005,21.022747248827,Total
BRA,Brasil,NA,2006,28.17840004,Total
BRA,Brasil,NA,2007,30.87999916,Total
BRA,Brasil,NA,2008,33.83,Total
BRA,Brasil,NA,2009,39.22,Total
BRA,Brasil,NA,2010,40.65,Total
BRA,Brasil,NA,2011,45.69,Total
BRA,Brasil,NA,2012,48.56,Total
BRA,Brasil,NA,2013,51.04,Total
BRA,Brasil,NA,2014,54.5510018796392,Total
BRA,Brasil,NA,2015,58.3279517340924,Total
BRA,Brasil,NA,2016,60.8725400681261,Total
BRA,Brasil,NA,2017,67.4712845236305,Total
BRA,Brasil,NA,2018,70.4342825404361,Total
BRA,Brasil,NA,2019,73.9124399133589,Total
BRA,Brasil,NA,2020,81.34269353,Total
BRA,Brasil,NA,2021,80.68989314,Total
BRA,Brasil,NA,2022,80.52775094,Total
BRA,Brasil,NA,2023,84.15060238,Total
BRA,Brasil,NA,2024,84.46347227,Total
CAN,Canadá,NA,2007,74.1,Hombres
CAN,Canadá,NA,2009,81,Hombres
CAN,Canadá,NA,2010,81.4717,Hombres
CAN,Canadá,NA,2022,95,Hombres
CAN,Canadá,NA,2007,72.3,Mujeres
CAN,Canadá,NA,2009,79.7,Mujeres
CAN,Canadá,NA,2010,79.1717,Mujeres
CAN,Canadá,NA,2022,94,Mujeres
CAN,Canadá,NA,1990,0.361,Total
CAN,Canadá,NA,1991,0.57,Total
CAN,Canadá,NA,1992,0.916,Total
CAN,Canadá,NA,1993,1.18,Total
CAN,Canadá,NA,1994,2.38,Total
CAN,Canadá,NA,1995,4.16,Total
CAN,Canadá,NA,1996,6.76,Total
CAN,Canadá,NA,1997,15.1,Total
CAN,Canadá,NA,1998,24.9,Total
CAN,Canadá,NA,1999,36.2,Total
CAN,Canadá,NA,2000,51.3,Total
CAN,Canadá,NA,2001,60.2,Total
CAN,Canadá,NA,2002,61.5932992681952,Total
CAN,Canadá,NA,2003,64.2,Total
CAN,Canadá,NA,2004,65.9559634648989,Total
CAN,Canadá,NA,2005,71.66,Total
CAN,Canadá,NA,2006,72.40000153,Total
CAN,Canadá,NA,2007,73.2,Total
CAN,Canadá,NA,2008,76.69999695,Total
CAN,Canadá,NA,2009,80.3,Total
CAN,Canadá,NA,2010,80.3,Total
CAN,Canadá,NA,2011,83,Total
CAN,Canadá,NA,2012,83,Total
CAN,Canadá,NA,2013,85.80000305,Total
CAN,Canadá,NA,2014,87.12000275,Total
CAN,Canadá,NA,2015,90,Total
CAN,Canadá,NA,2016,91.16000366,Total
CAN,Canadá,NA,2017,92.70140076,Total
CAN,Canadá,NA,2018,94.64,Total
CAN,Canadá,NA,2019,91.91290283,Total
CAN,Canadá,NA,2020,92.3,Total
CAN,Canadá,NA,2021,93.93710327,Total
CAN,Canadá,NA,2022,94,Total
CAN,Canadá,NA,2023,94.14530182,Total
CAN,Canadá,NA,2024,94.353302,Total
CHL,Chile,NA,2003,27.2369,Hombres
CHL,Chile,NA,2006,36.5167,Hombres
CHL,Chile,NA,2009,40.8843,Hombres
CHL,Chile,NA,2015,78.7092,Hombres
CHL,Chile,NA,2016,83.4513,Hombres
CHL,Chile,NA,2017,83.994,Hombres
CHL,Chile,NA,2023,94.5157,Hombres
CHL,Chile,NA,2024,96.395,Hombres
CHL,Chile,NA,2003,23.7991,Mujeres
CHL,Chile,NA,2006,32.5841,Mujeres
CHL,Chile,NA,2009,36.808,Mujeres
CHL,Chile,NA,2015,74.5307,Mujeres
CHL,Chile,NA,2016,83.6583,Mujeres
CHL,Chile,NA,2017,80.7228,Mujeres
CHL,Chile,NA,2023,94.4025,Mujeres
CHL,Chile,NA,2024,94.836,Mujeres
CHL,Chile,NA,1990,0,Total
CHL,Chile,NA,1992,0.0365,Total
CHL,Chile,NA,1993,0.0718,Total
CHL,Chile,NA,1994,0.141,Total
CHL,Chile,NA,1995,0.347,Total
CHL,Chile,NA,1996,0.683,Total
CHL,Chile,NA,1997,1.06,Total
CHL,Chile,NA,1998,1.66,Total
CHL,Chile,NA,1999,4.1,Total
CHL,Chile,NA,2000,16.6,Total
CHL,Chile,NA,2001,19.1,Total
CHL,Chile,NA,2002,22.1,Total
CHL,Chile,NA,2003,25.4737788864723,Total
CHL,Chile,NA,2004,28.1779101232438,Total
CHL,Chile,NA,2005,31.1753006,Total
CHL,Chile,NA,2006,34.4977511736017,Total
CHL,Chile,NA,2007,35.90000153,Total
CHL,Chile,NA,2008,37.29999924,Total
CHL,Chile,NA,2009,41.56,Total
CHL,Chile,NA,2010,45,Total
CHL,Chile,NA,2011,52.2496072877744,Total
CHL,Chile,NA,2012,55.04999924,Total
CHL,Chile,NA,2013,58,Total
CHL,Chile,NA,2014,61.11000061,Total
CHL,Chile,NA,2015,76.6295919508796,Total
CHL,Chile,NA,2016,83.5585860244169,Total
CHL,Chile,NA,2017,82.3274869338464,Total
CHL,Chile,NA,2018,84.90000153,Total
CHL,Chile,NA,2019,85.01760101,Total
CHL,Chile,NA,2020,87.45929718,Total
CHL,Chile,NA,2021,90.23280334,Total
CHL,Chile,NA,2022,92.31819916,Total
CHL,Chile,NA,2023,94.45742345,Total
CHL,Chile,NA,2024,95.590243,Total
COL,Colombia,NA,2010,36.9168,Hombres
COL,Colombia,NA,2011,40.5355,Hombres
COL,Colombia,NA,2012,49.7268,Hombres
COL,Colombia,NA,2013,52.2661,Hombres
COL,Colombia,NA,2014,52.7985,Hombres
COL,Colombia,NA,2015,56.6751,Hombres
COL,Colombia,NA,2016,58.0976,Hombres
COL,Colombia,NA,2017,62.095,Hombres
COL,Colombia,NA,2018,63.6495,Hombres
COL,Colombia,NA,2019,64.0882,Hombres
COL,Colombia,NA,2020,68.79,Hombres
COL,Colombia,NA,2021,72.0965,Hombres
COL,Colombia,NA,2022,71.9583,Hombres
COL,Colombia,NA,2023,76.4192,Hombres
COL,Colombia,NA,2024,78.5814,Hombres
COL,Colombia,NA,2010,36.1269,Mujeres
COL,Colombia,NA,2011,40.1722,Mujeres
COL,Colombia,NA,2012,48.2664,Mujeres
COL,Colombia,NA,2013,51.1495,Mujeres
COL,Colombia,NA,2014,52.3444,Mujeres
COL,Colombia,NA,2015,55.1597,Mujeres
COL,Colombia,NA,2016,58.1742,Mujeres
COL,Colombia,NA,2017,62.4199,Mujeres
COL,Colombia,NA,2018,64.5888,Mujeres
COL,Colombia,NA,2019,65.8968,Mujeres
COL,Colombia,NA,2020,70.7503,Mujeres
COL,Colombia,NA,2021,73.908,Mujeres
COL,Colombia,NA,2022,73.5883,Mujeres
COL,Colombia,NA,2023,78.2038,Mujeres
COL,Colombia,NA,2024,80.067,Mujeres
COL,Colombia,NA,1990,0,Total
COL,Colombia,NA,1994,0.107,Total
COL,Colombia,NA,1995,0.188,Total
COL,Colombia,NA,1996,0.33,Total
COL,Colombia,NA,1997,0.551,Total
COL,Colombia,NA,1998,1.13,Total
COL,Colombia,NA,1999,1.7,Total
COL,Colombia,NA,2000,2.207532992624,Total
COL,Colombia,NA,2001,2.85419997133433,Total
COL,Colombia,NA,2002,4.6,Total
COL,Colombia,NA,2003,7.38892371052557,Total
COL,Colombia,NA,2004,9.1186903029666,Total
COL,Colombia,NA,2005,11.0072638904585,Total
COL,Colombia,NA,2006,15.3416745365682,Total
COL,Colombia,NA,2007,21.799999239999998,Total
COL,Colombia,NA,2008,25.6,Total
COL,Colombia,NA,2009,30,Total
COL,Colombia,NA,2010,36.5,Total
COL,Colombia,NA,2011,40.3509157546318,Total
COL,Colombia,NA,2012,48.98,Total
COL,Colombia,NA,2013,51.7,Total
COL,Colombia,NA,2014,52.568136539247,Total
COL,Colombia,NA,2015,55.9049725142924,Total
COL,Colombia,NA,2016,58.1364935728703,Total
COL,Colombia,NA,2017,62.2598803162841,Total
COL,Colombia,NA,2018,64.1263768204459,Total
COL,Colombia,NA,2019,65.0069007159493,Total
COL,Colombia,NA,2020,69.79533474,Total
COL,Colombia,NA,2021,73.02837449,Total
COL,Colombia,NA,2022,72.79637855,Total
COL,Colombia,NA,2023,77.33686322,Total
COL,Colombia,NA,2024,79.34543299,Total
CRI,Costa Rica,NA,2005,23.3961,Hombres
CRI,Costa Rica,NA,2008,33.8132,Hombres
CRI,Costa Rica,NA,2012,48.5756,Hombres
CRI,Costa Rica,NA,2015,60.0132,Hombres
CRI,Costa Rica,NA,2016,65.6157,Hombres
CRI,Costa Rica,NA,2017,71.5061,Hombres
CRI,Costa Rica,NA,2018,72.9754,Hombres
CRI,Costa Rica,NA,2019,80.3778,Hombres
CRI,Costa Rica,NA,2020,80.1357,Hombres
CRI,Costa Rica,NA,2021,82.5581,Hombres
CRI,Costa Rica,NA,2022,82.1979,Hombres
CRI,Costa Rica,NA,2023,84.9168,Hombres
CRI,Costa Rica,NA,2005,20.7664,Mujeres
CRI,Costa Rica,NA,2008,30.8121,Mujeres
CRI,Costa Rica,NA,2012,46.4698,Mujeres
CRI,Costa Rica,NA,2015,59.5273,Mujeres
CRI,Costa Rica,NA,2016,66.1227,Mujeres
CRI,Costa Rica,NA,2017,71.6529,Mujeres
CRI,Costa Rica,NA,2018,73.9544,Mujeres
CRI,Costa Rica,NA,2019,81.9733,Mujeres
CRI,Costa Rica,NA,2020,80.9004,Mujeres
CRI,Costa Rica,NA,2021,82.9258,Mujeres
CRI,Costa Rica,NA,2022,82.9603,Mujeres
CRI,Costa Rica,NA,2023,85.8248,Mujeres
CRI,Costa Rica,NA,1990,0,Total
CRI,Costa Rica,NA,1992,0.00111,Total
CRI,Costa Rica,NA,1993,0.0815,Total
CRI,Costa Rica,NA,1994,0.28,Total
CRI,Costa Rica,NA,1995,0.417,Total
CRI,Costa Rica,NA,1996,0.841,Total
CRI,Costa Rica,NA,1997,1.64,Total
CRI,Costa Rica,NA,1998,2.67,Total
CRI,Costa Rica,NA,1999,3.9,Total
CRI,Costa Rica,NA,2000,5.80025302331829,Total
CRI,Costa Rica,NA,2001,9.55948213497093,Total
CRI,Costa Rica,NA,2002,19.8948511346293,Total
CRI,Costa Rica,NA,2003,20.3336148143541,Total
CRI,Costa Rica,NA,2004,20.7923067055542,Total
CRI,Costa Rica,NA,2005,22.07,Total
CRI,Costa Rica,NA,2006,25.10000038,Total
CRI,Costa Rica,NA,2007,28.39999962,Total
CRI,Costa Rica,NA,2008,32.29,Total
CRI,Costa Rica,NA,2009,34.33,Total
CRI,Costa Rica,NA,2010,36.5,Total
CRI,Costa Rica,NA,2011,39.2121959961842,Total
CRI,Costa Rica,NA,2012,47.5,Total
CRI,Costa Rica,NA,2013,45.96,Total
CRI,Costa Rica,NA,2014,53,Total
CRI,Costa Rica,NA,2015,59.7629501371681,Total
CRI,Costa Rica,NA,2016,65.8804491942718,Total
CRI,Costa Rica,NA,2017,71.5816646195022,Total
CRI,Costa Rica,NA,2018,73.4797284369906,Total
CRI,Costa Rica,NA,2019,81.2025964435269,Total
CRI,Costa Rica,NA,2020,80.530186079999993,Total
CRI,Costa Rica,NA,2021,82.74901607,Total
CRI,Costa Rica,NA,2022,82.59801121,Total
CRI,Costa Rica,NA,2023,85.39514799,Total
CRI,Costa Rica,NA,2024,87.17019653,Total
CUB,Cuba,NA,2013,25.0893,Hombres
CUB,Cuba,NA,2015,34.8788,Hombres
CUB,Cuba,NA,2019,60.7326,Hombres
CUB,Cuba,NA,2013,29.7584,Mujeres
CUB,Cuba,NA,2015,39.7031,Mujeres
CUB,Cuba,NA,2019,75.1128,Mujeres
CUB,Cuba,NA,1990,0,Total
CUB,Cuba,NA,1995,9.17e-5,Total
CUB,Cuba,NA,1996,0.0319,Total
CUB,Cuba,NA,1997,0.0682,Total
CUB,Cuba,NA,1998,0.227,Total
CUB,Cuba,NA,1999,0.315,Total
CUB,Cuba,NA,2000,0.541182548811058,Total
CUB,Cuba,NA,2001,1.07975172188907,Total
CUB,Cuba,NA,2002,3.77058503769014,Total
CUB,Cuba,NA,2003,5.2412690536929,Total
CUB,Cuba,NA,2004,8.40798475900703,Total
CUB,Cuba,NA,2005,9.73806220781346,Total
CUB,Cuba,NA,2006,11.1596013147617,Total
CUB,Cuba,NA,2007,11.69,Total
CUB,Cuba,NA,2008,12.94,Total
CUB,Cuba,NA,2009,14.33,Total
CUB,Cuba,NA,2010,15.9,Total
CUB,Cuba,NA,2011,16.0172907996413,Total
CUB,Cuba,NA,2012,21.200000760000002,Total
CUB,Cuba,NA,2013,27.93,Total
CUB,Cuba,NA,2014,29.0701843656523,Total
CUB,Cuba,NA,2015,37.3050974155373,Total
CUB,Cuba,NA,2016,42.9786751910106,Total
CUB,Cuba,NA,2017,57.1484043170788,Total
CUB,Cuba,NA,2018,62.6789236230601,Total
CUB,Cuba,NA,2019,67.9708086565152,Total
CUB,Cuba,NA,2020,71.11907507,Total
CUB,Cuba,NA,2021,67.64354869,Total
CUB,Cuba,NA,2022,67.88410187,Total
CUB,Cuba,NA,2023,69.55580139,Total
CUB,Cuba,NA,2024,70.47699738,Total
CUW,Curazao,NA,2017,67.4502,Hombres
CUW,Curazao,NA,2017,68.6803,Mujeres
CUW,Curazao,NA,2016,61.855510740634,Total
CUW,Curazao,NA,2017,68.1272162511339,Total
DMA,Dominica,NA,1990,0,Total
DMA,Dominica,NA,1995,0.549,Total
DMA,Dominica,NA,1996,1.17,Total
DMA,Dominica,NA,1998,2.93,Total
DMA,Dominica,NA,1999,2.93,Total
DMA,Dominica,NA,2000,8.81484419762881,Total
DMA,Dominica,NA,2001,13.2452280386761,Total
DMA,Dominica,NA,2002,18.4248927671241,Total
DMA,Dominica,NA,2003,23.6204198529629,Total
DMA,Dominica,NA,2004,30.3196130921568,Total
DMA,Dominica,NA,2005,38.54359818,Total
DMA,Dominica,NA,2006,39.39820099,Total
DMA,Dominica,NA,2007,40.2745018,Total
DMA,Dominica,NA,2008,41.15999985,Total
DMA,Dominica,NA,2009,42.02000046,Total
DMA,Dominica,NA,2010,47.45,Total
DMA,Dominica,NA,2011,48.59999847,Total
DMA,Dominica,NA,2012,49.79999924,Total
DMA,Dominica,NA,2013,51,Total
DMA,Dominica,NA,2014,57.5,Total
DMA,Dominica,NA,2015,65,Total
DMA,Dominica,NA,2016,67.02999878,Total
DMA,Dominica,NA,2017,69.61969757,Total
DMA,Dominica,NA,2019,73.38200378,Total
DMA,Dominica,NA,2020,75.65670013,Total
DMA,Dominica,NA,2021,78.07949829,Total
DMA,Dominica,NA,2022,80.57980347,Total
DMA,Dominica,NA,2023,81.33650208,Total
DMA,Dominica,NA,2024,82.04689789,Total
ECU,Ecuador,NA,2008,26.8032,Hombres
ECU,Ecuador,NA,2009,25.3548,Hombres
ECU,Ecuador,NA,2010,29.8819,Hombres
ECU,Ecuador,NA,2011,31.9726,Hombres
ECU,Ecuador,NA,2012,36.161,Hombres
ECU,Ecuador,NA,2013,41.3914,Hombres
ECU,Ecuador,NA,2014,46.5917,Hombres
ECU,Ecuador,NA,2015,49.4127,Hombres
ECU,Ecuador,NA,2016,54.6043,Hombres
ECU,Ecuador,NA,2022,69.8066,Hombres
ECU,Ecuador,NA,2023,72.3919,Hombres
ECU,Ecuador,NA,2024,76.1506,Hombres
ECU,Ecuador,NA,2008,24.7198,Mujeres
ECU,Ecuador,NA,2009,23.8526,Mujeres
ECU,Ecuador,NA,2010,28.2072,Mujeres
ECU,Ecuador,NA,2011,30.7883,Mujeres
ECU,Ecuador,NA,2012,34.1507,Mujeres
ECU,Ecuador,NA,2013,39.1882,Mujeres
ECU,Ecuador,NA,2014,44.6175,Mujeres
ECU,Ecuador,NA,2015,48.4862,Mujeres
ECU,Ecuador,NA,2016,53.5403,Mujeres
ECU,Ecuador,NA,2022,69.6337,Mujeres
ECU,Ecuador,NA,2023,72.9855,Mujeres
ECU,Ecuador,NA,2024,78.153,Mujeres
ECU,Ecuador,NA,1990,0,Total
ECU,Ecuador,NA,1992,0.00512,Total
ECU,Ecuador,NA,1993,0.0164,Total
ECU,Ecuador,NA,1994,0.0348,Total
ECU,Ecuador,NA,1995,0.0438,Total
ECU,Ecuador,NA,1996,0.0862,Total
ECU,Ecuador,NA,1997,0.11,Total
ECU,Ecuador,NA,1998,0.125,Total
ECU,Ecuador,NA,1999,0.823,Total
ECU,Ecuador,NA,2000,1.46218853556457,Total
ECU,Ecuador,NA,2001,2.67044367376705,Total
ECU,Ecuador,NA,2002,4.26079691519764,Total
ECU,Ecuador,NA,2003,4.46022834472698,Total
ECU,Ecuador,NA,2004,4.83444263759525,Total
ECU,Ecuador,NA,2005,5.994299889,Total
ECU,Ecuador,NA,2006,7.199999809,Total
ECU,Ecuador,NA,2007,10.80000019,Total
ECU,Ecuador,NA,2008,18.8,Total
ECU,Ecuador,NA,2009,24.6,Total
ECU,Ecuador,NA,2010,29.03,Total
ECU,Ecuador,NA,2011,31.3668083587433,Total
ECU,Ecuador,NA,2012,35.1351464545516,Total
ECU,Ecuador,NA,2013,40.279121941,Total
ECU,Ecuador,NA,2014,45.5903906666095,Total
ECU,Ecuador,NA,2015,48.9404337892669,Total
ECU,Ecuador,NA,2016,54.0629247288864,Total
ECU,Ecuador,NA,2017,55.79999924,Total
ECU,Ecuador,NA,2018,57.5,Total
ECU,Ecuador,NA,2019,59.2,Total
ECU,Ecuador,NA,2020,70.7,Total
ECU,Ecuador,NA,2021,69.1147995,Total
ECU,Ecuador,NA,2022,69.71811356,Total
ECU,Ecuador,NA,2023,72.6943146,Total
ECU,Ecuador,NA,2024,77.17273115,Total
SLV,El Salvador,NA,2007,6.79838,Hombres
SLV,El Salvador,NA,2008,11.0085,Hombres
SLV,El Salvador,NA,2009,13.1282,Hombres
SLV,El Salvador,NA,2010,13.6036,Hombres
SLV,El Salvador,NA,2011,18.0349,Hombres
SLV,El Salvador,NA,2012,22.0306,Hombres
SLV,El Salvador,NA,2013,25.1044,Hombres
SLV,El Salvador,NA,2014,26.5559,Hombres
SLV,El Salvador,NA,2015,28.1568,Hombres
SLV,El Salvador,NA,2017,35.1203,Hombres
SLV,El Salvador,NA,2019,52.3796,Hombres
SLV,El Salvador,NA,2020,57.1996,Hombres
SLV,El Salvador,NA,2007,5.52806,Mujeres
SLV,El Salvador,NA,2008,9.27977,Mujeres
SLV,El Salvador,NA,2009,11.2327,Mujeres
SLV,El Salvador,NA,2010,12.3221,Mujeres
SLV,El Salvador,NA,2011,15.9829,Mujeres
SLV,El Salvador,NA,2012,18.826,Mujeres
SLV,El Salvador,NA,2013,21.3688,Mujeres
SLV,El Salvador,NA,2014,23.2108,Mujeres
SLV,El Salvador,NA,2015,25.6096,Mujeres
SLV,El Salvador,NA,2017,32.7032,Mujeres
SLV,El Salvador,NA,2019,48.8709,Mujeres
SLV,El Salvador,NA,2020,52.3743,Mujeres
SLV,El Salvador,NA,1990,0,Total
SLV,El Salvador,NA,1996,0.0864,Total
SLV,El Salvador,NA,1997,0.257,Total
SLV,El Salvador,NA,1998,0.425,Total
SLV,El Salvador,NA,1999,0.845,Total
SLV,El Salvador,NA,2000,1.17739726914477,Total
SLV,El Salvador,NA,2001,1.5,Total
SLV,El Salvador,NA,2002,1.9,Total
SLV,El Salvador,NA,2003,2.5,Total
SLV,El Salvador,NA,2004,3.2,Total
SLV,El Salvador,NA,2005,4.199999809,Total
SLV,El Salvador,NA,2006,5.5,Total
SLV,El Salvador,NA,2007,6.11,Total
SLV,El Salvador,NA,2008,10.08,Total
SLV,El Salvador,NA,2009,12.11,Total
SLV,El Salvador,NA,2010,15.9,Total
SLV,El Salvador,NA,2011,18.89999962,Total
SLV,El Salvador,NA,2012,20.3213877242007,Total
SLV,El Salvador,NA,2013,23.1093,Total
SLV,El Salvador,NA,2014,24.7617121459061,Total
SLV,El Salvador,NA,2015,26.8026049600572,Total
SLV,El Salvador,NA,2016,28.99710083,Total
SLV,El Salvador,NA,2017,33.8207289048526,Total
SLV,El Salvador,NA,2018,43.79999924,Total
SLV,El Salvador,NA,2019,50.4911940673888,Total
SLV,El Salvador,NA,2020,54.60136976,Total
SLV,El Salvador,NA,2021,57.26380157,Total
SLV,El Salvador,NA,2022,60.05609894,Total
SLV,El Salvador,NA,2023,62.61989975,Total
SLV,El Salvador,NA,2024,66.47769928,Total
USA,Estados Unidos,NA,2009,67.9408,Hombres
USA,Estados Unidos,NA,2010,71.2639,Hombres
USA,Estados Unidos,NA,2011,69.3692,Hombres
USA,Estados Unidos,NA,2012,74.1254,Hombres
USA,Estados Unidos,NA,2013,70.9145,Hombres
USA,Estados Unidos,NA,2015,74.2101,Hombres
USA,Estados Unidos,NA,2009,68.8284,Mujeres
USA,Estados Unidos,NA,2010,72.0988,Mujeres
USA,Estados Unidos,NA,2011,70.0752,Mujeres
USA,Estados Unidos,NA,2012,75.2518,Mujeres
USA,Estados Unidos,NA,2013,71.9062,Mujeres
USA,Estados Unidos,NA,2015,74.8821,Mujeres
USA,Estados Unidos,NA,1990,0.785,Total
USA,Estados Unidos,NA,1991,1.16,Total
USA,Estados Unidos,NA,1992,1.72,Total
USA,Estados Unidos,NA,1993,2.27,Total
USA,Estados Unidos,NA,1994,4.86,Total
USA,Estados Unidos,NA,1995,9.24,Total
USA,Estados Unidos,NA,1996,16.4,Total
USA,Estados Unidos,NA,1997,21.6,Total
USA,Estados Unidos,NA,1998,30.1,Total
USA,Estados Unidos,NA,1999,35.8,Total
USA,Estados Unidos,NA,2000,43.0791626375201,Total
USA,Estados Unidos,NA,2001,49.0808315896951,Total
USA,Estados Unidos,NA,2002,58.7854038836952,Total
USA,Estados Unidos,NA,2003,61.6971171244207,Total
USA,Estados Unidos,NA,2004,64.7582564759896,Total
USA,Estados Unidos,NA,2005,67.9681015,Total
USA,Estados Unidos,NA,2006,68.93119812,Total
USA,Estados Unidos,NA,2007,75,Total
USA,Estados Unidos,NA,2008,74,Total
USA,Estados Unidos,NA,2009,71,Total
USA,Estados Unidos,NA,2010,71.69,Total
USA,Estados Unidos,NA,2011,69.7294607619268,Total
USA,Estados Unidos,NA,2012,74.7,Total
USA,Estados Unidos,NA,2013,71.4,Total
USA,Estados Unidos,NA,2014,73,Total
USA,Estados Unidos,NA,2015,74.5542024462761,Total
USA,Estados Unidos,NA,2016,85.5444212887222,Total
USA,Estados Unidos,NA,2017,87.2748891687657,Total
USA,Estados Unidos,NA,2018,88.498903165152,Total
USA,Estados Unidos,NA,2019,89.4302848575712,Total
USA,Estados Unidos,NA,2020,90.34470367,Total
USA,Estados Unidos,NA,2021,91.2684021,Total
USA,Estados Unidos,NA,2022,92.72850037,Total
USA,Estados Unidos,NA,2023,93.52559662,Total
USA,Estados Unidos,NA,2024,94.69380188,Total
GRD,Granada,NA,1990,0,Total
GRD,Granada,NA,1991,0,Total
GRD,Granada,NA,1992,0,Total
GRD,Granada,NA,1993,0,Total
GRD,Granada,NA,1994,0,Total
GRD,Granada,NA,1995,0,Total
GRD,Granada,NA,1996,0.298,Total
GRD,Granada,NA,1997,0.991,Total
GRD,Granada,NA,1998,1.48,Total
GRD,Granada,NA,1999,2.47,Total
GRD,Granada,NA,2000,4.06390799146313,Total
GRD,Granada,NA,2001,5.12810398216998,Total
GRD,Granada,NA,2002,14.7588405454867,Total
GRD,Granada,NA,2003,18.6451821830564,Total
GRD,Granada,NA,2004,19.570620584378698,Total
GRD,Granada,NA,2005,20.4878006,Total
GRD,Granada,NA,2006,21.39599991,Total
GRD,Granada,NA,2007,22.29,Total
GRD,Granada,NA,2008,23.18000031,Total
GRD,Granada,NA,2009,24.049999239999998,Total
GRD,Granada,NA,2010,27,Total
GRD,Granada,NA,2011,30,Total
GRD,Granada,NA,2012,32,Total
GRD,Granada,NA,2013,35,Total
GRD,Granada,NA,2014,51.6,Total
GRD,Granada,NA,2015,52.5,Total
GRD,Granada,NA,2016,53.29999924,Total
GRD,Granada,NA,2017,54.20000076,Total
GRD,Granada,NA,2018,61.42459869,Total
GRD,Granada,NA,2019,64.31279755,Total
GRD,Granada,NA,2020,65.65380096,Total
GRD,Granada,NA,2021,67.02279663,Total
GRD,Granada,NA,2022,68.42030334,Total
GRD,Granada,NA,2023,69.4131012,Total
GRD,Granada,NA,2024,70.16159821,Total
GRL,Groenlandia,NA,1990,0,Total
GRL,Groenlandia,NA,1994,0.0647,Total
GRL,Groenlandia,NA,1995,0.053900000000000003,Total
GRL,Groenlandia,NA,1996,1.8,Total
GRL,Groenlandia,NA,1997,7.95,Total
GRL,Groenlandia,NA,1998,14.7,Total
GRL,Groenlandia,NA,1999,21.6,Total
GRL,Groenlandia,NA,2000,31.7478112321162,Total
GRL,Groenlandia,NA,2001,35.4641368915684,Total
GRL,Groenlandia,NA,2002,44.154789028418,Total
GRL,Groenlandia,NA,2003,54.5342598293605,Total
GRL,Groenlandia,NA,2004,56.0990147610533,Total
GRL,Groenlandia,NA,2005,57.7034045008656,Total
GRL,Groenlandia,NA,2006,59.361687268664,Total
GRL,Groenlandia,NA,2007,61.07,Total
GRL,Groenlandia,NA,2008,62.82,Total
GRL,Groenlandia,NA,2009,62.83,Total
GRL,Groenlandia,NA,2010,63,Total
GRL,Groenlandia,NA,2011,64,Total
GRL,Groenlandia,NA,2012,64.8960100995989,Total
GRL,Groenlandia,NA,2013,65.8,Total
GRL,Groenlandia,NA,2014,66.7,Total
GRL,Groenlandia,NA,2015,67.600443481006,Total
GRL,Groenlandia,NA,2016,68.500873675421,Total
GRL,Groenlandia,NA,2017,69.4824617821988,Total
GTM,Guatemala,NA,2019,47.2834,Hombres
GTM,Guatemala,NA,2021,53.3763,Hombres
GTM,Guatemala,NA,2019,41.8488,Mujeres
GTM,Guatemala,NA,2021,48.5503,Mujeres
GTM,Guatemala,NA,1990,0,Total
GTM,Guatemala,NA,1995,0.003,Total
GTM,Guatemala,NA,1996,0.0195,Total
GTM,Guatemala,NA,1997,0.0955,Total
GTM,Guatemala,NA,1998,0.467,Total
GTM,Guatemala,NA,1999,0.593,Total
GTM,Guatemala,NA,2000,0.712332904508925,Total
GTM,Guatemala,NA,2001,1.7382017815873,Total
GTM,Guatemala,NA,2002,3.39174627024502,Total
GTM,Guatemala,NA,2003,4.54885490848324,Total
GTM,Guatemala,NA,2004,5.1,Total
GTM,Guatemala,NA,2005,5.699999809,Total
GTM,Guatemala,NA,2006,6.5,Total
GTM,Guatemala,NA,2007,7.300000191,Total
GTM,Guatemala,NA,2008,8.300000191,Total
GTM,Guatemala,NA,2009,9.300000191,Total
GTM,Guatemala,NA,2010,10.5,Total
GTM,Guatemala,NA,2011,12.30000019,Total
GTM,Guatemala,NA,2012,16,Total
GTM,Guatemala,NA,2013,19.700000760000002,Total
GTM,Guatemala,NA,2014,23.39999962,Total
GTM,Guatemala,NA,2015,28.80590057,Total
GTM,Guatemala,NA,2016,34.50930023,Total
GTM,Guatemala,NA,2017,37.90000153,Total
GTM,Guatemala,NA,2018,41.5,Total
GTM,Guatemala,NA,2019,44.401049838502,Total
GTM,Guatemala,NA,2020,47.51229858,Total
GTM,Guatemala,NA,2021,50.84164945,Total
GTM,Guatemala,NA,2022,54.40430069,Total
GTM,Guatemala,NA,2023,56.72669983,Total
GTM,Guatemala,NA,2024,60.22140121,Total
GUY,Guyana,NA,1990,0,Total
GUY,Guyana,NA,1996,0.0659,Total
GUY,Guyana,NA,1997,0.132,Total
GUY,Guyana,NA,1998,0.264,Total
GUY,Guyana,NA,1999,0.4,Total
GUY,Guyana,NA,2000,0.6,Total
GUY,Guyana,NA,2001,1,Total
GUY,Guyana,NA,2002,1.5,Total
GUY,Guyana,NA,2003,2.4,Total
GUY,Guyana,NA,2004,3.7,Total
GUY,Guyana,NA,2005,5.699999809,Total
GUY,Guyana,NA,2006,8.899999619,Total
GUY,Guyana,NA,2007,13.80000019,Total
GUY,Guyana,NA,2008,18.2,Total
GUY,Guyana,NA,2009,23.9,Total
GUY,Guyana,NA,2010,29.9,Total
GUY,Guyana,NA,2011,30,Total
GUY,Guyana,NA,2012,30.5,Total
GUY,Guyana,NA,2013,31,Total
GUY,Guyana,NA,2014,32,Total
GUY,Guyana,NA,2015,34,Total
GUY,Guyana,NA,2016,35.65999985,Total
GUY,Guyana,NA,2017,42.6753006,Total
GUY,Guyana,NA,2018,48.59889984,Total
GUY,Guyana,NA,2019,55.31269836,Total
GUY,Guyana,NA,2020,62.95399857,Total
GUY,Guyana,NA,2021,71.65090179,Total
GUY,Guyana,NA,2022,76.56240082,Total
GUY,Guyana,NA,2023,79.3553009,Total
GUY,Guyana,NA,2024,83.00080109,Total
HTI,Haití,NA,1990,0,Total
HTI,Haití,NA,1996,0.00748,Total
HTI,Haití,NA,1998,0.024,Total
HTI,Haití,NA,1999,0.0707,Total
HTI,Haití,NA,2000,0.231270714628821,Total
HTI,Haití,NA,2001,0.340832326173809,Total
HTI,Haití,NA,2002,0.893432988337908,Total
HTI,Haití,NA,2003,1.64735834557778,Total
HTI,Haití,NA,2004,5.401261907622,Total
HTI,Haití,NA,2005,6.376200199,Total
HTI,Haití,NA,2006,6.796000004,Total
HTI,Haití,NA,2007,7.199999809,Total
HTI,Haití,NA,2008,7.599999905,Total
HTI,Haití,NA,2009,8.100000381,Total
HTI,Haití,NA,2010,8.369999886,Total
HTI,Haití,NA,2011,9,Total
HTI,Haití,NA,2012,9.800000191,Total
HTI,Haití,NA,2013,10.600000380000001,Total
HTI,Haití,NA,2014,11.399999619999999,Total
HTI,Haití,NA,2015,14.19999981,Total
HTI,Haití,NA,2016,22.799999239999998,Total
HTI,Haití,NA,2017,27.200000760000002,Total
HTI,Haití,NA,2018,32.4736271300557,Total
HTI,Haití,NA,2019,35.76409912,Total
HTI,Haití,NA,2020,39.38809967,Total
HTI,Haití,NA,2021,43.37919998,Total
HTI,Haití,NA,2022,47.77470016,Total
HTI,Haití,NA,2023,47.99269867,Total
HTI,Haití,NA,2024,47.8614006,Total
HND,Honduras,NA,2008,9.38535,Hombres
HND,Honduras,NA,2015,26.6163,Hombres
HND,Honduras,NA,2016,28.7201,Hombres
HND,Honduras,NA,2017,30.3702,Hombres
HND,Honduras,NA,2018,34.1519,Hombres
HND,Honduras,NA,2019,37.9628,Hombres
HND,Honduras,NA,2008,9.80535,Mujeres
HND,Honduras,NA,2015,27.6116,Mujeres
HND,Honduras,NA,2016,30.2475,Mujeres
HND,Honduras,NA,2017,32.9724,Mujeres
HND,Honduras,NA,2018,37.7922,Mujeres
HND,Honduras,NA,2019,40.6984,Mujeres
HND,Honduras,NA,1990,0,Total
HND,Honduras,NA,1995,0.0368,Total
HND,Honduras,NA,1996,0.0437,Total
HND,Honduras,NA,1997,0.171,Total
HND,Honduras,NA,1998,0.301,Total
HND,Honduras,NA,1999,0.574,Total
HND,Honduras,NA,2000,1.20385599891878,Total
HND,Honduras,NA,2001,1.41528193123711,Total
HND,Honduras,NA,2002,2.5974025974026,Total
HND,Honduras,NA,2003,4.8,Total
HND,Honduras,NA,2004,5.6,Total
HND,Honduras,NA,2005,6.5,Total
HND,Honduras,NA,2006,7.800000191,Total
HND,Honduras,NA,2007,9.399999619,Total
HND,Honduras,NA,2008,9.6,Total
HND,Honduras,NA,2009,9.800000191,Total
HND,Honduras,NA,2010,11.09,Total
HND,Honduras,NA,2011,15.9,Total
HND,Honduras,NA,2012,18.12,Total
HND,Honduras,NA,2013,17.8,Total
HND,Honduras,NA,2014,23,Total
HND,Honduras,NA,2015,27.1395454833776,Total
HND,Honduras,NA,2016,29.5282180796457,Total
HND,Honduras,NA,2017,31.7357924661485,Total
HND,Honduras,NA,2018,36.0400608231468,Total
HND,Honduras,NA,2019,39.3883521850111,Total
HND,Honduras,NA,2020,45.24829865,Total
HND,Honduras,NA,2021,51.95159912,Total
HND,Honduras,NA,2022,56.88069916,Total
HND,Honduras,NA,2023,58.0685997,Total
HND,Honduras,NA,2024,58.62269974,Total
CYM,Islas Caimán,NA,1990,0,Total
CYM,Islas Caimán,NA,1993,0,Total
CYM,Islas Caimán,NA,1994,0,Total
CYM,Islas Caimán,NA,1995,3.95,Total
CYM,Islas Caimán,NA,2005,38.0343830823064,Total
CYM,Islas Caimán,NA,2006,44.5,Total
CYM,Islas Caimán,NA,2007,52,Total
CYM,Islas Caimán,NA,2008,61,Total
CYM,Islas Caimán,NA,2009,64.5,Total
CYM,Islas Caimán,NA,2010,66,Total
CYM,Islas Caimán,NA,2011,69.46594499,Total
CYM,Islas Caimán,NA,2012,69.7,Total
CYM,Islas Caimán,NA,2013,71.4,Total
CYM,Islas Caimán,NA,2014,74.1,Total
CYM,Islas Caimán,NA,2015,77,Total
CYM,Islas Caimán,NA,2016,79,Total
CYM,Islas Caimán,NA,2017,81.0676932508161,Total
TCA,Islas Turcas y Caicos,NA,1990,0,Total
VGB,Islas Vírgenes Británicas,NA,2016,76.8008,Hombres
VGB,Islas Vírgenes Británicas,NA,2017,76.8006,Hombres
VGB,Islas Vírgenes Británicas,NA,2016,78.598,Mujeres
VGB,Islas Vírgenes Británicas,NA,2017,78.6,Mujeres
VGB,Islas Vírgenes Británicas,NA,1990,0,Total
VGB,Islas Vírgenes Británicas,NA,2002,18.8857412653447,Total
VGB,Islas Vírgenes Británicas,NA,2009,36,Total
VGB,Islas Vírgenes Británicas,NA,2010,37,Total
VGB,Islas Vírgenes Británicas,NA,2011,37.4,Total
VGB,Islas Vírgenes Británicas,NA,2012,37.6,Total
VGB,Islas Vírgenes Británicas,NA,2016,77.7014296797074,Total
VGB,Islas Vírgenes Británicas,NA,2017,77.7042682926829,Total
VIR,Islas Vírgenes de los Estados Unidos,NA,1990,0,Total
VIR,Islas Vírgenes de los Estados Unidos,NA,1994,0.941,Total
VIR,Islas Vírgenes de los Estados Unidos,NA,1995,2.8,Total
VIR,Islas Vírgenes de los Estados Unidos,NA,1996,4.65,Total
VIR,Islas Vírgenes de los Estados Unidos,NA,1997,6.95,Total
VIR,Islas Vírgenes de los Estados Unidos,NA,1998,9.25,Total
VIR,Islas Vírgenes de los Estados Unidos,NA,1999,11.1,Total
VIR,Islas Vírgenes de los Estados Unidos,NA,2000,13.8150805419196,Total
VIR,Islas Vírgenes de los Estados Unidos,NA,2001,18.3757660397468,Total
VIR,Islas Vírgenes de los Estados Unidos,NA,2002,27.4944323774436,Total
VIR,Islas Vírgenes de los Estados Unidos,NA,2003,27.4290729887632,Total
VIR,Islas Vírgenes de los Estados Unidos,NA,2004,27.3770087880198,Total
VIR,Islas Vírgenes de los Estados Unidos,NA,2005,27.3443196733265,Total
VIR,Islas Vírgenes de los Estados Unidos,NA,2006,27.3326105376325,Total
VIR,Islas Vírgenes de los Estados Unidos,NA,2007,27.3393358364014,Total
VIR,Islas Vírgenes de los Estados Unidos,NA,2008,27.3617774210613,Total
VIR,Islas Vírgenes de los Estados Unidos,NA,2009,27.3965096846662,Total
VIR,Islas Vírgenes de los Estados Unidos,NA,2010,31.22,Total
VIR,Islas Vírgenes de los Estados Unidos,NA,2011,35.6,Total
VIR,Islas Vírgenes de los Estados Unidos,NA,2012,40.5479,Total
VIR,Islas Vírgenes de los Estados Unidos,NA,2013,45.3,Total
VIR,Islas Vírgenes de los Estados Unidos,NA,2014,50.07,Total
VIR,Islas Vírgenes de los Estados Unidos,NA,2015,54.839137296,Total
VIR,Islas Vírgenes de los Estados Unidos,NA,2016,59.60831579895,Total
VIR,Islas Vírgenes de los Estados Unidos,NA,2017,64.3774942980087,Total
JAM,Jamaica,NA,2010,25.4235,Hombres
JAM,Jamaica,NA,2011,34.7691,Hombres
JAM,Jamaica,NA,2012,30.9804,Hombres
JAM,Jamaica,NA,2013,33.7402,Hombres
JAM,Jamaica,NA,2014,36.5819,Hombres
JAM,Jamaica,NA,2015,39.4428,Hombres
JAM,Jamaica,NA,2016,40.9766,Hombres
JAM,Jamaica,NA,2017,51.1861,Hombres
JAM,Jamaica,NA,2018,64.8012,Hombres
JAM,Jamaica,NA,2019,67.5749,Hombres
JAM,Jamaica,NA,2021,79.4947,Hombres
JAM,Jamaica,NA,2023,86.5903,Hombres
JAM,Jamaica,NA,2010,29.7984,Mujeres
JAM,Jamaica,NA,2011,40.0331,Mujeres
JAM,Jamaica,NA,2012,36.5006,Mujeres
JAM,Jamaica,NA,2013,40.3431,Mujeres
JAM,Jamaica,NA,2014,44.0916,Mujeres
JAM,Jamaica,NA,2015,44.9461,Mujeres
JAM,Jamaica,NA,2016,47.695,Mujeres
JAM,Jamaica,NA,2017,58.8841,Mujeres
JAM,Jamaica,NA,2018,71.5634,Mujeres
JAM,Jamaica,NA,2019,73.9607,Mujeres
JAM,Jamaica,NA,2021,85.1179,Mujeres
JAM,Jamaica,NA,2023,92.2942,Mujeres
JAM,Jamaica,NA,1990,0,Total
JAM,Jamaica,NA,1994,0.0368,Total
JAM,Jamaica,NA,1995,0.109,Total
JAM,Jamaica,NA,1996,0.591,Total
JAM,Jamaica,NA,1997,0.798,Total
JAM,Jamaica,NA,1998,1.98,Total
JAM,Jamaica,NA,1999,2.36,Total
JAM,Jamaica,NA,2000,3.11577802729967,Total
JAM,Jamaica,NA,2001,3.8630203874764,Total
JAM,Jamaica,NA,2002,6.1,Total
JAM,Jamaica,NA,2003,7.8,Total
JAM,Jamaica,NA,2004,10,Total
JAM,Jamaica,NA,2005,12.80000019,Total
JAM,Jamaica,NA,2006,16.39999962,Total
JAM,Jamaica,NA,2007,21.10000038,Total
JAM,Jamaica,NA,2008,23.6,Total
JAM,Jamaica,NA,2009,24.3,Total
JAM,Jamaica,NA,2010,27.67,Total
JAM,Jamaica,NA,2011,37.438613414848,Total
JAM,Jamaica,NA,2012,33.79,Total
JAM,Jamaica,NA,2013,37.1,Total
JAM,Jamaica,NA,2014,40.4027351046672,Total
JAM,Jamaica,NA,2015,42.2212211907441,Total
JAM,Jamaica,NA,2016,44.3668563671334,Total
JAM,Jamaica,NA,2017,55.0720670507751,Total
JAM,Jamaica,NA,2018,68.2145170876072,Total
JAM,Jamaica,NA,2019,70.8410169743356,Total
JAM,Jamaica,NA,2020,76.38400269,Total
JAM,Jamaica,NA,2021,82.36071561,Total
JAM,Jamaica,NA,2022,85.84329987,Total
JAM,Jamaica,NA,2023,89.47304282,Total
JAM,Jamaica,NA,2024,90.10870361,Total
MEX,México,NA,2007,21.552,Hombres
MEX,México,NA,2008,23.6717,Hombres
MEX,México,NA,2009,29.7574,Hombres
MEX,México,NA,2010,35.6567,Hombres
MEX,México,NA,2011,38.977,Hombres
MEX,México,NA,2012,41.9985,Hombres
MEX,México,NA,2013,45.3239,Hombres
MEX,México,NA,2014,46.0541,Hombres
MEX,México,NA,2015,60.534,Hombres
MEX,México,NA,2016,61.1989,Hombres
MEX,México,NA,2017,53.0358,Hombres
MEX,México,NA,2018,57.1903,Hombres
MEX,México,NA,2019,71.3822,Hombres
MEX,México,NA,2020,72.2796,Hombres
MEX,México,NA,2021,76.5124,Hombres
MEX,México,NA,2022,79.2709,Hombres
MEX,México,NA,2023,80.9827,Hombres
MEX,México,NA,2024,84.0676,Hombres
MEX,México,NA,2007,18.1184,Mujeres
MEX,México,NA,2008,18.5154,Mujeres
MEX,México,NA,2009,26.9841,Mujeres
MEX,México,NA,2010,32.1689,Mujeres
MEX,México,NA,2011,35.5066,Mujeres
MEX,México,NA,2012,37.6578,Mujeres
MEX,México,NA,2013,41.7371,Mujeres
MEX,México,NA,2014,42.8286,Mujeres
MEX,México,NA,2015,54.5678,Mujeres
MEX,México,NA,2016,58.0611,Mujeres
MEX,México,NA,2017,53.0281,Mujeres
MEX,México,NA,2018,56.1804,Mujeres
MEX,México,NA,2019,68.0718,Mujeres
MEX,México,NA,2020,70.7557,Mujeres
MEX,México,NA,2021,74.816,Mujeres
MEX,México,NA,2022,78.0513,Mujeres
MEX,México,NA,2023,81.3647,Mujeres
MEX,México,NA,2024,82.2767,Mujeres
MEX,México,NA,1990,0,Total
MEX,México,NA,1991,0.00588,Total
MEX,México,NA,1992,0.0173,Total
MEX,México,NA,1993,0.0283,Total
MEX,México,NA,1994,0.0433,Total
MEX,México,NA,1995,0.103,Total
MEX,México,NA,1996,0.2,Total
MEX,México,NA,1997,0.627,Total
MEX,México,NA,1998,1.27,Total
MEX,México,NA,1999,1.86,Total
MEX,México,NA,2000,5.08138415338066,Total
MEX,México,NA,2001,7.0380231165045,Total
MEX,México,NA,2002,11.9,Total
MEX,México,NA,2003,12.9,Total
MEX,México,NA,2004,14.1,Total
MEX,México,NA,2005,17.20999908,Total
MEX,México,NA,2006,19.52000046,Total
MEX,México,NA,2007,20.81,Total
MEX,México,NA,2008,21.71,Total
MEX,México,NA,2009,26.34,Total
MEX,México,NA,2010,31.05,Total
MEX,México,NA,2011,37.1762954125184,Total
MEX,México,NA,2012,39.75,Total
MEX,México,NA,2013,43.46,Total
MEX,México,NA,2014,44.3856962723411,Total
MEX,México,NA,2015,57.4310429923633,Total
MEX,México,NA,2016,59.5404459967255,Total
MEX,México,NA,2017,53.0317886110982,Total
MEX,México,NA,2018,56.6595667981289,Total
MEX,México,NA,2019,69.6321092705209,Total
MEX,México,NA,2020,71.49017499,Total
MEX,México,NA,2021,75.62650476,Total
MEX,México,NA,2022,78.63217894,Total
MEX,México,NA,2023,81.18318755,Total
MEX,México,NA,2024,83.12233799,Total
NIC,Nicaragua,NA,2006,9.61537,Hombres
NIC,Nicaragua,NA,2006,10.028,Mujeres
NIC,Nicaragua,NA,1990,0,Total
NIC,Nicaragua,NA,1994,0.0132,Total
NIC,Nicaragua,NA,1995,0.03,Total
NIC,Nicaragua,NA,1996,0.0841,Total
NIC,Nicaragua,NA,1997,0.206,Total
NIC,Nicaragua,NA,1998,0.304,Total
NIC,Nicaragua,NA,1999,0.498,Total
NIC,Nicaragua,NA,2000,0.980216486692385,Total
NIC,Nicaragua,NA,2001,1.44879942820716,Total
NIC,Nicaragua,NA,2002,1.71472958428668,Total
NIC,Nicaragua,NA,2003,1.88041253242301,Total
NIC,Nicaragua,NA,2004,2.32066460863941,Total
NIC,Nicaragua,NA,2005,2.566400051,Total
NIC,Nicaragua,NA,2006,2.8055730627337,Total
NIC,Nicaragua,NA,2007,3.9000000950000002,Total
NIC,Nicaragua,NA,2008,5.300000191,Total
NIC,Nicaragua,NA,2009,7.300000191,Total
NIC,Nicaragua,NA,2010,10,Total
NIC,Nicaragua,NA,2011,10.6,Total
NIC,Nicaragua,NA,2012,13.5,Total
NIC,Nicaragua,NA,2013,15.5,Total
NIC,Nicaragua,NA,2014,17.60000038,Total
NIC,Nicaragua,NA,2015,19.70429993,Total
NIC,Nicaragua,NA,2016,24.57180023,Total
NIC,Nicaragua,NA,2017,30.39999962,Total
NIC,Nicaragua,NA,2018,33.9129982,Total
NIC,Nicaragua,NA,2019,39.01079941,Total
NIC,Nicaragua,NA,2020,44.87490082,Total
NIC,Nicaragua,NA,2021,51.62039948,Total
NIC,Nicaragua,NA,2022,59.38000107,Total
NIC,Nicaragua,NA,2023,60.30120087,Total
NIC,Nicaragua,NA,2024,61.39550018,Total
PAN,Panamá,NA,2012,38.6296,Hombres
PAN,Panamá,NA,2015,49.8586,Hombres
PAN,Panamá,NA,2017,59.4662,Hombres
PAN,Panamá,NA,2018,61.1067,Hombres
PAN,Panamá,NA,2019,63.4338,Hombres
PAN,Panamá,NA,2012,41.8947,Mujeres
PAN,Panamá,NA,2015,52.4708,Mujeres
PAN,Panamá,NA,2017,60.4149,Mujeres
PAN,Panamá,NA,2018,62.4773,Mujeres
PAN,Panamá,NA,2019,63.8115,Mujeres
PAN,Panamá,NA,1990,0,Total
PAN,Panamá,NA,1994,0.00764,Total
PAN,Panamá,NA,1995,0.0561,Total
PAN,Panamá,NA,1996,0.22,Total
PAN,Panamá,NA,1997,0.539,Total
PAN,Panamá,NA,1998,2.75,Total
PAN,Panamá,NA,1999,3.84,Total
PAN,Panamá,NA,2000,6.55479647729549,Total
PAN,Panamá,NA,2001,7.26839987788729,Total
PAN,Panamá,NA,2002,8.51807781515595,Total
PAN,Panamá,NA,2003,9.98742407723405,Total
PAN,Panamá,NA,2004,11.1408625409415,Total
PAN,Panamá,NA,2005,11.48400021,Total
PAN,Panamá,NA,2006,17.34959984,Total
PAN,Panamá,NA,2007,22.29,Total
PAN,Panamá,NA,2008,33.82,Total
PAN,Panamá,NA,2009,39.08,Total
PAN,Panamá,NA,2010,40.1,Total
PAN,Panamá,NA,2011,42.7,Total
PAN,Panamá,NA,2012,40.3018952210488,Total
PAN,Panamá,NA,2013,44.03,Total
PAN,Panamá,NA,2014,44.9238152577893,Total
PAN,Panamá,NA,2015,51.2054249948687,Total
PAN,Panamá,NA,2016,54,Total
PAN,Panamá,NA,2017,59.9506309038683,Total
PAN,Panamá,NA,2018,61.8055313202468,Total
PAN,Panamá,NA,2019,63.6284147731451,Total
PAN,Panamá,NA,2020,64.82430267,Total
PAN,Panamá,NA,2021,66.04270172,Total
PAN,Panamá,NA,2022,67.2838974,Total
PAN,Panamá,NA,2023,68.54851592,Total
PAN,Panamá,NA,2024,72.77149963,Total
PRY,Paraguay,NA,2007,11.29,Hombres
PRY,Paraguay,NA,2008,15.0195,Hombres
PRY,Paraguay,NA,2009,19.1283,Hombres
PRY,Paraguay,NA,2010,20.3718,Hombres
PRY,Paraguay,NA,2011,25.0402,Hombres
PRY,Paraguay,NA,2012,29.3346,Hombres
PRY,Paraguay,NA,2013,37.6652,Hombres
PRY,Paraguay,NA,2014,43.1018,Hombres
PRY,Paraguay,NA,2015,49.328,Hombres
PRY,Paraguay,NA,2016,53.0293,Hombres
PRY,Paraguay,NA,2017,60.8133,Hombres
PRY,Paraguay,NA,2018,64.3244,Hombres
PRY,Paraguay,NA,2019,68.0063,Hombres
PRY,Paraguay,NA,2020,72.9409,Hombres
PRY,Paraguay,NA,2021,76.1106,Hombres
PRY,Paraguay,NA,2022,74.9407,Hombres
PRY,Paraguay,NA,2023,76.9155,Hombres
PRY,Paraguay,NA,2024,81.0022,Hombres
PRY,Paraguay,NA,2007,11.1373,Mujeres
PRY,Paraguay,NA,2008,13.539,Mujeres
PRY,Paraguay,NA,2009,18.5975,Mujeres
PRY,Paraguay,NA,2010,19.1655,Mujeres
PRY,Paraguay,NA,2011,24.4944,Mujeres
PRY,Paraguay,NA,2012,29.3402,Mujeres
PRY,Paraguay,NA,2013,36.1795,Mujeres
PRY,Paraguay,NA,2014,42.9164,Mujeres
PRY,Paraguay,NA,2015,50.0983,Mujeres
PRY,Paraguay,NA,2016,53.7794,Mujeres
PRY,Paraguay,NA,2017,61.3388,Mujeres
PRY,Paraguay,NA,2018,65.6624,Mujeres
PRY,Paraguay,NA,2019,69.0172,Mujeres
PRY,Paraguay,NA,2020,74.9597,Mujeres
PRY,Paraguay,NA,2021,77.9169,Mujeres
PRY,Paraguay,NA,2022,77.5692,Mujeres
PRY,Paraguay,NA,2023,79.2152,Mujeres
PRY,Paraguay,NA,2024,82.1252,Mujeres
PRY,Paraguay,NA,1990,0,Total
PRY,Paraguay,NA,1996,0.0204,Total
PRY,Paraguay,NA,1997,0.0996,Total
PRY,Paraguay,NA,1998,0.195,Total
PRY,Paraguay,NA,1999,0.382,Total
PRY,Paraguay,NA,2000,0.747630711548184,Total
PRY,Paraguay,NA,2001,1.09879383569333,Total
PRY,Paraguay,NA,2002,1.79496959770244,Total
PRY,Paraguay,NA,2003,2.11194208210034,Total
PRY,Paraguay,NA,2004,3.45243843137079,Total
PRY,Paraguay,NA,2005,7.90700786141285,Total
PRY,Paraguay,NA,2006,7.962100029,Total
PRY,Paraguay,NA,2007,11.21,Total
PRY,Paraguay,NA,2008,14.27,Total
PRY,Paraguay,NA,2009,18.9,Total
PRY,Paraguay,NA,2010,19.8,Total
PRY,Paraguay,NA,2011,24.7635158793993,Total
PRY,Paraguay,NA,2012,29.34,Total
PRY,Paraguay,NA,2013,36.9,Total
PRY,Paraguay,NA,2014,43.0073750122614,Total
PRY,Paraguay,NA,2015,49.716304663966,Total
PRY,Paraguay,NA,2016,53.4041274791009,Total
PRY,Paraguay,NA,2017,61.0757562215797,Total
PRY,Paraguay,NA,2018,64.9935430235756,Total
PRY,Paraguay,NA,2019,68.5176284222264,Total
PRY,Paraguay,NA,2020,73.95751114,Total
PRY,Paraguay,NA,2021,77.01838621,Total
PRY,Paraguay,NA,2022,76.25916611,Total
PRY,Paraguay,NA,2023,78.09481878,Total
PRY,Paraguay,NA,2024,81.57806793,Total
PER,Perú,NA,2008,34.5282,Hombres
PER,Perú,NA,2010,38.8923,Hombres
PER,Perú,NA,2013,42.3539,Hombres
PER,Perú,NA,2014,43.0533,Hombres
PER,Perú,NA,2015,43.2196,Hombres
PER,Perú,NA,2016,48.3049,Hombres
PER,Perú,NA,2017,53.4117,Hombres
PER,Perú,NA,2018,58.006,Hombres
PER,Perú,NA,2019,62.9157,Hombres
PER,Perú,NA,2020,67.9844,Hombres
PER,Perú,NA,2021,73.1709,Hombres
PER,Perú,NA,2022,76.8108,Hombres
PER,Perú,NA,2023,81.5861,Hombres
PER,Perú,NA,2024,83.6948,Hombres
PER,Perú,NA,2008,26.7519,Mujeres
PER,Perú,NA,2010,30.5446,Mujeres
PER,Perú,NA,2013,36.0306,Mujeres
PER,Perú,NA,2014,37.4036,Mujeres
PER,Perú,NA,2015,38.4658,Mujeres
PER,Perú,NA,2016,42.6021,Mujeres
PER,Perú,NA,2017,47.4922,Mujeres
PER,Perú,NA,2018,52.1014,Mujeres
PER,Perú,NA,2019,56.9921,Mujeres
PER,Perú,NA,2020,62.5367,Mujeres
PER,Perú,NA,2021,69.0545,Mujeres
PER,Perú,NA,2022,72.5428,Mujeres
PER,Perú,NA,2023,77.3836,Mujeres
PER,Perú,NA,2024,80.225,Mujeres
PER,Perú,NA,1990,0,Total
PER,Perú,NA,1994,0.0085,Total
PER,Perú,NA,1995,0.0334,Total
PER,Perú,NA,1996,0.246,Total
PER,Perú,NA,1997,0.403,Total
PER,Perú,NA,1998,1.19,Total
PER,Perú,NA,1999,1.95,Total
PER,Perú,NA,2000,3.07643061137675,Total
PER,Perú,NA,2001,7.57876295717419,Total
PER,Perú,NA,2002,8.96694917040028,Total
PER,Perú,NA,2003,11.6,Total
PER,Perú,NA,2004,14.1,Total
PER,Perú,NA,2005,17.10000038,Total
PER,Perú,NA,2006,20.700000760000002,Total
PER,Perú,NA,2007,25.200000760000002,Total
PER,Perú,NA,2008,30.57,Total
PER,Perú,NA,2009,31.4,Total
PER,Perú,NA,2010,34.77,Total
PER,Perú,NA,2011,36.01,Total
PER,Perú,NA,2012,38.2,Total
PER,Perú,NA,2013,39.2,Total
PER,Perú,NA,2014,40.2446560091704,Total
PER,Perú,NA,2015,40.8526009090468,Total
PER,Perú,NA,2016,45.4617406869459,Total
PER,Perú,NA,2017,50.4504121848143,Total
PER,Perú,NA,2018,55.0543342443197,Total
PER,Perú,NA,2019,59.9505036049006,Total
PER,Perú,NA,2020,65.25179796,Total
PER,Perú,NA,2021,71.10782643,Total
PER,Perú,NA,2022,74.67495213,Total
PER,Perú,NA,2023,79.48484477,Total
PER,Perú,NA,2024,81.95705992,Total
PRI,Puerto Rico,NA,2013,69.5526,Hombres
PRI,Puerto Rico,NA,2014,77.3929,Hombres
PRI,Puerto Rico,NA,2015,62.6093,Hombres
PRI,Puerto Rico,NA,2016,67.4993,Hombres
PRI,Puerto Rico,NA,2017,67.645,Hombres
PRI,Puerto Rico,NA,2018,69.9744,Hombres
PRI,Puerto Rico,NA,2019,77.2887,Hombres
PRI,Puerto Rico,NA,2021,83.6452,Hombres
PRI,Puerto Rico,NA,2022,86.8838,Hombres
PRI,Puerto Rico,NA,2013,68.5145,Mujeres
PRI,Puerto Rico,NA,2014,75.0225,Mujeres
PRI,Puerto Rico,NA,2015,64.2482,Mujeres
PRI,Puerto Rico,NA,2016,69.6833,Mujeres
PRI,Puerto Rico,NA,2017,69.7346,Mujeres
PRI,Puerto Rico,NA,2018,71.6556,Mujeres
PRI,Puerto Rico,NA,2019,78.1409,Mujeres
PRI,Puerto Rico,NA,2021,85.8109,Mujeres
PRI,Puerto Rico,NA,2022,87.6573,Mujeres
PRI,Puerto Rico,NA,1990,0,Total
PRI,Puerto Rico,NA,1994,0.0273,Total
PRI,Puerto Rico,NA,1995,0.135,Total
PRI,Puerto Rico,NA,1996,0.268,Total
PRI,Puerto Rico,NA,1997,1.33,Total
PRI,Puerto Rico,NA,1998,2.65,Total
PRI,Puerto Rico,NA,1999,5.27,Total
PRI,Puerto Rico,NA,2000,10.4746482089399,Total
PRI,Puerto Rico,NA,2001,15.6300309162012,Total
PRI,Puerto Rico,NA,2002,17.5476475654777,Total
PRI,Puerto Rico,NA,2003,19.7070256578252,Total
PRI,Puerto Rico,NA,2004,22.1307382347014,Total
PRI,Puerto Rico,NA,2005,23.4000504486583,Total
PRI,Puerto Rico,NA,2006,25.4424182102582,Total
PRI,Puerto Rico,NA,2007,27.86,Total
PRI,Puerto Rico,NA,2008,38,Total
PRI,Puerto Rico,NA,2009,41.5,Total
PRI,Puerto Rico,NA,2010,45.3,Total
PRI,Puerto Rico,NA,2011,48,Total
PRI,Puerto Rico,NA,2012,68.9999826014151,Total
PRI,Puerto Rico,NA,2013,68.999990004,Total
PRI,Puerto Rico,NA,2014,76.1338597201667,Total
PRI,Puerto Rico,NA,2015,63.4663353848474,Total
PRI,Puerto Rico,NA,2016,68.6438071976518,Total
PRI,Puerto Rico,NA,2017,68.7407731407209,Total
PRI,Puerto Rico,NA,2018,70.8563997424362,Total
PRI,Puerto Rico,NA,2019,77.7364393708352,Total
PRI,Puerto Rico,NA,2021,84.78666399,Total
PRI,Puerto Rico,NA,2022,87.29178106,Total
DOM,República Dominicana,NA,2017,67.2903,Hombres
DOM,República Dominicana,NA,2018,74.6039,Hombres
DOM,República Dominicana,NA,2021,84.579,Hombres
DOM,República Dominicana,NA,2022,79.7699,Hombres
DOM,República Dominicana,NA,2024,90.6907,Hombres
DOM,República Dominicana,NA,2017,67.8415,Mujeres
DOM,República Dominicana,NA,2018,75.0359,Mujeres
DOM,República Dominicana,NA,2021,85.8945,Mujeres
DOM,República Dominicana,NA,2022,83.1923,Mujeres
DOM,República Dominicana,NA,2024,91.2981,Mujeres
DOM,República Dominicana,NA,1990,0,Total
DOM,República Dominicana,NA,1995,0.0172,Total
DOM,República Dominicana,NA,1996,0.075,Total
DOM,República Dominicana,NA,1997,0.143,Total
DOM,República Dominicana,NA,1998,0.234,Total
DOM,República Dominicana,NA,1999,1.1,Total
DOM,República Dominicana,NA,2000,3.70469235587688,Total
DOM,República Dominicana,NA,2001,4.42939069666645,Total
DOM,República Dominicana,NA,2002,6.8237257325842,Total
DOM,República Dominicana,NA,2003,7.89839293716387,Total
DOM,República Dominicana,NA,2004,8.8655534607044,Total
DOM,República Dominicana,NA,2005,11.4831977789344,Total
DOM,República Dominicana,NA,2006,14.8449283654589,Total
DOM,República Dominicana,NA,2007,17.66,Total
DOM,República Dominicana,NA,2008,20.82,Total
DOM,República Dominicana,NA,2009,27.72,Total
DOM,República Dominicana,NA,2010,31.39999962,Total
DOM,República Dominicana,NA,2011,38,Total
DOM,República Dominicana,NA,2012,42.32,Total
DOM,República Dominicana,NA,2013,45.9,Total
DOM,República Dominicana,NA,2014,49.58000183,Total
DOM,República Dominicana,NA,2015,54.2157663369785,Total
DOM,República Dominicana,NA,2016,63.8708647408206,Total
DOM,República Dominicana,NA,2017,67.5712453277737,Total
DOM,República Dominicana,NA,2018,74.8220483597284,Total
DOM,República Dominicana,NA,2019,79.71549988,Total
DOM,República Dominicana,NA,2020,81.61730194,Total
DOM,República Dominicana,NA,2021,85.24298638,Total
DOM,República Dominicana,NA,2022,81.51269675,Total
DOM,República Dominicana,NA,2023,86.12689972,Total
DOM,República Dominicana,NA,2024,91.0022446,Total
KNA,San Cristóbal y Nieves,NA,1990,0,Total
KNA,San Cristóbal y Nieves,NA,1996,1.95,Total
KNA,San Cristóbal y Nieves,NA,1997,2.26,Total
KNA,San Cristóbal y Nieves,NA,1998,3.34,Total
KNA,San Cristóbal y Nieves,NA,1999,4.4,Total
KNA,San Cristóbal y Nieves,NA,2000,5.86281024037522,Total
KNA,San Cristóbal y Nieves,NA,2001,7.71472655580319,Total
KNA,San Cristóbal y Nieves,NA,2002,21.152381758186,Total
KNA,San Cristóbal y Nieves,NA,2003,22.9697842928439,Total
KNA,San Cristóbal y Nieves,NA,2004,24.7376775443732,Total
KNA,San Cristóbal y Nieves,NA,2005,34,Total
KNA,San Cristóbal y Nieves,NA,2006,38.5,Total
KNA,San Cristóbal y Nieves,NA,2007,43.5,Total
KNA,San Cristóbal y Nieves,NA,2008,49.20000076,Total
KNA,San Cristóbal y Nieves,NA,2009,55.70000076,Total
KNA,San Cristóbal y Nieves,NA,2010,63,Total
KNA,San Cristóbal y Nieves,NA,2011,63.20000076,Total
KNA,San Cristóbal y Nieves,NA,2012,64,Total
KNA,San Cristóbal y Nieves,NA,2013,64.59999847,Total
KNA,San Cristóbal y Nieves,NA,2014,65.38179779,Total
KNA,San Cristóbal y Nieves,NA,2015,66.17310333,Total
KNA,San Cristóbal y Nieves,NA,2016,66.97389984,Total
KNA,San Cristóbal y Nieves,NA,2017,67.78440094,Total
KNA,San Cristóbal y Nieves,NA,2018,68.60479736,Total
KNA,San Cristóbal y Nieves,NA,2019,69.43499756,Total
KNA,San Cristóbal y Nieves,NA,2020,70.27529907,Total
KNA,San Cristóbal y Nieves,NA,2021,74.37159729,Total
KNA,San Cristóbal y Nieves,NA,2022,75.76229858,Total
KNA,San Cristóbal y Nieves,NA,2023,76.58950043,Total
KNA,San Cristóbal y Nieves,NA,2024,76.88400269,Total
VCT,San Vicente y las Granadinas,NA,1990,0,Total
VCT,San Vicente y las Granadinas,NA,1995,0.129,Total
VCT,San Vicente y las Granadinas,NA,1996,0.483,Total
VCT,San Vicente y las Granadinas,NA,1997,0.926,Total
VCT,San Vicente y las Granadinas,NA,1998,1.85,Total
VCT,San Vicente y las Granadinas,NA,1999,2.78,Total
VCT,San Vicente y las Granadinas,NA,2000,3.24503741064558,Total
VCT,San Vicente y las Granadinas,NA,2001,5.09480977832946,Total
VCT,San Vicente y las Granadinas,NA,2002,5.54959487957379,Total
VCT,San Vicente y las Granadinas,NA,2003,6.46227416659743,Total
VCT,San Vicente y las Granadinas,NA,2004,7.37116584201749,Total
VCT,San Vicente y las Granadinas,NA,2005,9.19827808234299,Total
VCT,San Vicente y las Granadinas,NA,2006,12,Total
VCT,San Vicente y las Granadinas,NA,2007,16,Total
VCT,San Vicente y las Granadinas,NA,2008,21,Total
VCT,San Vicente y las Granadinas,NA,2009,31,Total
VCT,San Vicente y las Granadinas,NA,2010,33.70000076,Total
VCT,San Vicente y las Granadinas,NA,2011,36.70000076,Total
VCT,San Vicente y las Granadinas,NA,2012,40,Total
VCT,San Vicente y las Granadinas,NA,2013,43.5,Total
VCT,San Vicente y las Granadinas,NA,2014,47.4,Total
VCT,San Vicente y las Granadinas,NA,2015,49.40000153,Total
VCT,San Vicente y las Granadinas,NA,2016,51.5,Total
VCT,San Vicente y las Granadinas,NA,2017,53.70000076,Total
VCT,San Vicente y las Granadinas,NA,2018,56,Total
VCT,San Vicente y las Granadinas,NA,2019,59.57630157,Total
VCT,San Vicente y las Granadinas,NA,2020,63.38100052,Total
VCT,San Vicente y las Granadinas,NA,2021,68.83339691,Total
VCT,San Vicente y las Granadinas,NA,2022,74.75479889,Total
VCT,San Vicente y las Granadinas,NA,2023,75.53679657,Total
VCT,San Vicente y las Granadinas,NA,2024,76.19010162,Total
LCA,Santa Lucía,NA,1990,0,Total
LCA,Santa Lucía,NA,1995,0.306,Total
LCA,Santa Lucía,NA,1996,0.67,Total
LCA,Santa Lucía,NA,1997,0.992,Total
LCA,Santa Lucía,NA,1998,1.3,Total
LCA,Santa Lucía,NA,1999,1.93,Total
LCA,Santa Lucía,NA,2000,5.09048334139327,Total
LCA,Santa Lucía,NA,2001,8.18186395448366,Total
LCA,Santa Lucía,NA,2002,14.6418357746777,Total
LCA,Santa Lucía,NA,2003,20.9824734633424,Total
LCA,Santa Lucía,NA,2004,21.395212362765,Total
LCA,Santa Lucía,NA,2005,21.5675829464215,Total
LCA,Santa Lucía,NA,2006,24.5,Total
LCA,Santa Lucía,NA,2007,27.89999962,Total
LCA,Santa Lucía,NA,2008,30,Total
LCA,Santa Lucía,NA,2009,31,Total
LCA,Santa Lucía,NA,2010,32.5,Total
LCA,Santa Lucía,NA,2011,34,Total
LCA,Santa Lucía,NA,2012,45.865,Total
LCA,Santa Lucía,NA,2013,49.3871994,Total
LCA,Santa Lucía,NA,2014,53.17969894,Total
LCA,Santa Lucía,NA,2015,57.26330185,Total
LCA,Santa Lucía,NA,2016,58.22259903,Total
LCA,Santa Lucía,NA,2017,59.16009903,Total
LCA,Santa Lucía,NA,2018,60.11259842,Total
LCA,Santa Lucía,NA,2019,61.08050156,Total
LCA,Santa Lucía,NA,2020,62.06399918,Total
LCA,Santa Lucía,NA,2021,63.06330109,Total
LCA,Santa Lucía,NA,2022,66.95159912,Total
LCA,Santa Lucía,NA,2023,67.44390106,Total
LCA,Santa Lucía,NA,2024,68.20500183,Total
SUR,Surinam,NA,1990,0,Total
SUR,Surinam,NA,1995,0.115,Total
SUR,Surinam,NA,1996,0.226,Total
SUR,Surinam,NA,1997,1,Total
SUR,Surinam,NA,1998,1.67,Total
SUR,Surinam,NA,1999,1.89,Total
SUR,Surinam,NA,2000,2.50641105226881,Total
SUR,Surinam,NA,2001,3.06444838873752,Total
SUR,Surinam,NA,2002,4.1615687449541,Total
SUR,Surinam,NA,2003,4.71987539528956,Total
SUR,Surinam,NA,2004,6.0760478144456,Total
SUR,Surinam,NA,2005,6.40308628759062,Total
SUR,Surinam,NA,2006,9.49960041,Total
SUR,Surinam,NA,2007,14.11,Total
SUR,Surinam,NA,2008,21.05999947,Total
SUR,Surinam,NA,2009,31.36,Total
SUR,Surinam,NA,2010,31.59,Total
SUR,Surinam,NA,2011,32,Total
SUR,Surinam,NA,2012,34.68119812,Total
SUR,Surinam,NA,2013,37.40000153,Total
SUR,Surinam,NA,2014,40.08000183,Total
SUR,Surinam,NA,2015,42.76380157,Total
SUR,Surinam,NA,2016,45.40000153,Total
SUR,Surinam,NA,2017,48.94520187,Total
SUR,Surinam,NA,2018,55.10210037,Total
SUR,Surinam,NA,2019,62.03350067,Total
SUR,Surinam,NA,2023,87.4,Total
TTO,Trinidad y Tobago,NA,2011,41.9404,Hombres
TTO,Trinidad y Tobago,NA,2011,45.7803,Mujeres
TTO,Trinidad y Tobago,NA,1990,0,Total
TTO,Trinidad y Tobago,NA,1995,0.158,Total
TTO,Trinidad y Tobago,NA,1996,0.393,Total
TTO,Trinidad y Tobago,NA,1997,1.17,Total
TTO,Trinidad y Tobago,NA,1998,2.72,Total
TTO,Trinidad y Tobago,NA,1999,5.81,Total
TTO,Trinidad y Tobago,NA,2000,7.72141147401745,Total
TTO,Trinidad y Tobago,NA,2001,15.384627218944,Total
TTO,Trinidad y Tobago,NA,2002,21.9986754804449,Total
TTO,Trinidad y Tobago,NA,2003,25.9717641091609,Total
TTO,Trinidad y Tobago,NA,2004,27.0242700782714,Total
TTO,Trinidad y Tobago,NA,2005,28.97669983,Total
TTO,Trinidad y Tobago,NA,2006,30.00370026,Total
TTO,Trinidad y Tobago,NA,2007,32.3,Total
TTO,Trinidad y Tobago,NA,2008,34.8,Total
TTO,Trinidad y Tobago,NA,2009,44.3,Total
TTO,Trinidad y Tobago,NA,2010,48.5,Total
TTO,Trinidad y Tobago,NA,2011,55.2,Total
TTO,Trinidad y Tobago,NA,2012,57.5,Total
TTO,Trinidad y Tobago,NA,2013,59.90000153,Total
TTO,Trinidad y Tobago,NA,2014,62.40000153,Total
TTO,Trinidad y Tobago,NA,2015,65.09999847,Total
TTO,Trinidad y Tobago,NA,2016,67.80000305,Total
TTO,Trinidad y Tobago,NA,2017,70.59999847,Total
TTO,Trinidad y Tobago,NA,2018,72.76029968,Total
TTO,Trinidad y Tobago,NA,2019,74.98670197,Total
TTO,Trinidad y Tobago,NA,2020,77.28130341,Total
TTO,Trinidad y Tobago,NA,2021,84.36576986,Total
TTO,Trinidad y Tobago,NA,2022,81.69760132,Total
TTO,Trinidad y Tobago,NA,2023,81.9681015,Total
TTO,Trinidad y Tobago,NA,2024,82.15989685,Total
URY,Uruguay,NA,2009,43.1679,Hombres
URY,Uruguay,NA,2011,52.4251,Hombres
URY,Uruguay,NA,2012,55.1867,Hombres
URY,Uruguay,NA,2014,61.5506,Hombres
URY,Uruguay,NA,2015,64.9279,Hombres
URY,Uruguay,NA,2017,69.6381,Hombres
URY,Uruguay,NA,2018,80.5057,Hombres
URY,Uruguay,NA,2019,82.8316,Hombres
URY,Uruguay,NA,2022,88.7943,Hombres
URY,Uruguay,NA,2024,91.4919,Hombres
URY,Uruguay,NA,2009,40.5576,Mujeres
URY,Uruguay,NA,2011,50.4614,Mujeres
URY,Uruguay,NA,2012,53.7874,Mujeres
URY,Uruguay,NA,2014,61.381,Mujeres
URY,Uruguay,NA,2015,64.2392,Mujeres
URY,Uruguay,NA,2017,70.9644,Mujeres
URY,Uruguay,NA,2018,80.9326,Mujeres
URY,Uruguay,NA,2019,83.8357,Mujeres
URY,Uruguay,NA,2022,90.8528,Mujeres
URY,Uruguay,NA,2024,92.4471,Mujeres
URY,Uruguay,NA,1990,0,Total
URY,Uruguay,NA,1994,0.0625,Total
URY,Uruguay,NA,1995,0.31,Total
URY,Uruguay,NA,1996,1.85,Total
URY,Uruguay,NA,1997,3.36,Total
URY,Uruguay,NA,1998,6.99,Total
URY,Uruguay,NA,1999,9.97,Total
URY,Uruguay,NA,2000,10.5390577480141,Total
URY,Uruguay,NA,2001,11.1214376832783,Total
URY,Uruguay,NA,2002,11.4194701966853,Total
URY,Uruguay,NA,2003,15.9371367159756,Total
URY,Uruguay,NA,2004,17.0630983403661,Total
URY,Uruguay,NA,2005,20.0881895579305,Total
URY,Uruguay,NA,2006,29.39999962,Total
URY,Uruguay,NA,2007,34,Total
URY,Uruguay,NA,2008,39.3,Total
URY,Uruguay,NA,2009,41.8,Total
URY,Uruguay,NA,2010,46.4,Total
URY,Uruguay,NA,2011,51.4046610563616,Total
URY,Uruguay,NA,2012,54.453768680746,Total
URY,Uruguay,NA,2013,57.69,Total
URY,Uruguay,NA,2014,61.4624951684405,Total
URY,Uruguay,NA,2015,64.5707870971624,Total
URY,Uruguay,NA,2016,66.40000153,Total
URY,Uruguay,NA,2017,70.3223543994698,Total
URY,Uruguay,NA,2018,80.7268428795854,Total
URY,Uruguay,NA,2019,83.3515337667548,Total
URY,Uruguay,NA,2020,85.47100067,Total
URY,Uruguay,NA,2021,87.64440155,Total
URY,Uruguay,NA,2022,89.87304314,Total
URY,Uruguay,NA,2023,90.92590332,Total
URY,Uruguay,NA,2024,91.99109007,Total
VEN,Venezuela,NA,2012,47.4759,Hombres
VEN,Venezuela,NA,2012,50.6182,Mujeres
VEN,Venezuela,NA,1990,0,Total
VEN,Venezuela,NA,1992,0.0121,Total
VEN,Venezuela,NA,1993,0.0416,Total
VEN,Venezuela,NA,1994,0.0555,Total
VEN,Venezuela,NA,1995,0.122,Total
VEN,Venezuela,NA,1996,0.248,Total
VEN,Venezuela,NA,1997,0.391,Total
VEN,Venezuela,NA,1998,1.38,Total
VEN,Venezuela,NA,1999,2.84,Total
VEN,Venezuela,NA,2000,3.3595974645036,Total
VEN,Venezuela,NA,2001,4.63600094778677,Total
VEN,Venezuela,NA,2002,4.91044632720325,Total
VEN,Venezuela,NA,2003,7.49996346522407,Total
VEN,Venezuela,NA,2004,8.40446959241215,Total
VEN,Venezuela,NA,2005,12.5529979098299,Total
VEN,Venezuela,NA,2006,15.2247114771787,Total
VEN,Venezuela,NA,2007,20.83,Total
VEN,Venezuela,NA,2008,25.88,Total
VEN,Venezuela,NA,2009,32.7,Total
VEN,Venezuela,NA,2010,37.37,Total
VEN,Venezuela,NA,2011,40.22,Total
VEN,Venezuela,NA,2012,49.0500830729861,Total
VEN,Venezuela,NA,2013,54.90000153,Total
VEN,Venezuela,NA,2014,57,Total
VEN,Venezuela,NA,2015,58,Total
VEN,Venezuela,NA,2016,60,Total
VEN,Venezuela,NA,2019,49.05009842,Total
VEN,Venezuela,NA,2020,72.44110107,Total
VEN,Venezuela,NA,2021,74.11219788,Total
VEN,Venezuela,NA,2022,75.82180023,Total
VEN,Venezuela,NA,2023,76.33190155,Total
VEN,Venezuela,NA,2024,76.67890167,Total
